[{"model": "auth.group", "pk": 1, "fields": {"name": "WW", "permissions": []}}, {"model": "auth.group", "pk": 2, "fields": {"name": "RU", "permissions": [1, 2, 3, 4, 13, 14, 15, 16, 5, 6, 7, 8, 9, 10, 11, 12, 17, 18, 19, 20, 21, 22, 23, 24, 25, 26, 27, 28, 29, 30, 31, 32]}}, {"model": "auth.group", "pk": 3, "fields": {"name": "CIS", "permissions": [17, 18, 19, 20, 21, 22, 23, 24, 25, 26, 27, 28, 29, 30, 31, 32]}}, {"model": "auth.group", "pk": 4, "fields": {"name": "moderator", "permissions": []}}, {"model": "auth.user", "pk": 1, "fields": {"password": "pbkdf2_sha256$36000$bzV0ByjLXWSH$ukF6uuKHAhL0s7aXRlbxMe7R87A6WakWZbiBe1L1JHM=", "last_login": "2017-11-23T14:32:28.364Z", "is_superuser": true, "username": "admin", "first_name": "", "last_name": "", "email": "", "is_staff": true, "is_active": true, "date_joined": "2017-10-08T22:34:39.720Z", "groups": [], "user_permissions": []}}, {"model": "auth.user", "pk": 2, "fields": {"password": "pbkdf2_sha256$36000$irSJHmvuDxR4$JT6h91EmfGgP6nOdJAuhjcLBgRP9efxqqRwkcGmtgig=", "last_login": null, "is_superuser": true, "username": "bondar_m", "first_name": "Maksym", "last_name": "Bondar", "email": "", "is_staff": true, "is_active": true, "date_joined": "2017-10-09T11:46:19Z", "groups": [], "user_permissions": []}}, {"model": "auth.user", "pk": 3, "fields": {"password": "pbkdf2_sha256$36000$uHFBnxqqx7nu$jpjY9TMfG34Vy7KYtcfDrc0s2UrvFaYye0a6sGr50E0=", "last_login": null, "is_superuser": false, "username": "userCIS", "first_name": "", "last_name": "", "email": "", "is_staff": true, "is_active": true, "date_joined": "2017-10-09T12:15:50Z", "groups": [3], "user_permissions": []}}, {"model": "auth.user", "pk": 4, "fields": {"password": "pbkdf2_sha256$36000$lopzeulGgLTI$WwkyCqvEHtQ9eFE6X7Iszfk1vcdX6VZBKywGfbi5S6k=", "last_login": "2017-11-05T15:25:28.341Z", "is_superuser": false, "username": "ruuser", "first_name": "", "last_name": "", "email": "", "is_staff": true, "is_active": true, "date_joined": "2017-10-09T12:20:07Z", "groups": [2], "user_permissions": [1, 2, 3, 4, 13, 14, 15, 16, 5, 6, 7, 8, 9, 10, 11, 12, 17, 18, 19, 20, 21, 22, 23, 24, 25, 26, 27, 28, 29, 30, 31, 32]}}, {"model": "auth.user", "pk": 5, "fields": {"password": "pbkdf2_sha256$36000$ZBRitiYsEJHh$EqT/T7zy/GXFliQyRsxLGq02Ze/FfG4gj96EvwNbS1Q=", "last_login": null, "is_superuser": false, "username": "Igor", "first_name": "", "last_name": "", "email": "", "is_staff": false, "is_active": true, "date_joined": "2017-10-10T08:31:58.320Z", "groups": [], "user_permissions": []}}, {"model": "sessions.session", "pk": "2w9t4vba0pwtnbip6afsn45uizvgftvf", "fields": {"session_data": "Zjk2OGIxY2RkY2VjYTdmNDIwN2NjOTMwODcxMzEwYzA1YTBiOGJmYzp7Il9hdXRoX3VzZXJfaWQiOiIxIiwiX2F1dGhfdXNlcl9iYWNrZW5kIjoiZGphbmdvLmNvbnRyaWIuYXV0aC5iYWNrZW5kcy5Nb2RlbEJhY2tlbmQiLCJfYXV0aF91c2VyX2hhc2giOiJkN2YzNmNjNmYxMGYwOTg2ZDQyNDRiODIwZjlkZGE5OTVhYTRkNTU5In0=", "expire_date": "2017-12-07T14:32:28.395Z"}}, {"model": "sessions.session", "pk": "f23rp8gcdl0s5mtjl8fuxswao8w3y2bn", "fields": {"session_data": "YjU2YzU3YmQ1ZTgyZTgyMDBlZDg1NjNmYTBjYjllOWEzODkxYjhjMzp7Il9hdXRoX3VzZXJfaGFzaCI6ImQ3ZjM2Y2M2ZjEwZjA5ODZkNDI0NGI4MjBmOWRkYTk5NWFhNGQ1NTkiLCJfYXV0aF91c2VyX2JhY2tlbmQiOiJkamFuZ28uY29udHJpYi5hdXRoLmJhY2tlbmRzLk1vZGVsQmFja2VuZCIsIl9hdXRoX3VzZXJfaWQiOiIxIn0=", "expire_date": "2017-11-19T15:20:04.498Z"}}, {"model": "sessions.session", "pk": "ktal2h2nr7usp2eyl0pof26uogd0ye6s", "fields": {"session_data": "ZjZjNWE0YzU5NzFkMTQ5ZmNiNzIzZGJlYzJhYjgwNmUyYzUzMTVjZDp7Il9hdXRoX3VzZXJfaWQiOiIxIiwiX2F1dGhfdXNlcl9oYXNoIjoiZDdmMzZjYzZmMTBmMDk4NmQ0MjQ0YjgyMGY5ZGRhOTk1YWE0ZDU1OSIsIl9hdXRoX3VzZXJfYmFja2VuZCI6ImRqYW5nby5jb250cmliLmF1dGguYmFja2VuZHMuTW9kZWxCYWNrZW5kIn0=", "expire_date": "2017-10-25T14:19:13.163Z"}}, {"model": "sessions.session", "pk": "mrpgfw95x64feg0cqs11e41l1k0by5ze", "fields": {"session_data": "ZjMyZTliNzMwYWI3MGI4YWRlZjBiODQyMTliODdiMDNhMGUwMTdiNDp7Il9hdXRoX3VzZXJfYmFja2VuZCI6ImRqYW5nby5jb250cmliLmF1dGguYmFja2VuZHMuTW9kZWxCYWNrZW5kIiwiX2F1dGhfdXNlcl9pZCI6IjQiLCJfYXV0aF91c2VyX2hhc2giOiIzZThkNzUzMjgxZWI2MTg3Nzk1YWRlNjdjNTIxYzAxMGQ5OTc0NTdiIn0=", "expire_date": "2017-10-23T12:49:55.383Z"}}, {"model": "sessions.session", "pk": "nhznjgoivuh9395zoihv3mwa0vej52d4", "fields": {"session_data": "ZjMyZTliNzMwYWI3MGI4YWRlZjBiODQyMTliODdiMDNhMGUwMTdiNDp7Il9hdXRoX3VzZXJfYmFja2VuZCI6ImRqYW5nby5jb250cmliLmF1dGguYmFja2VuZHMuTW9kZWxCYWNrZW5kIiwiX2F1dGhfdXNlcl9pZCI6IjQiLCJfYXV0aF91c2VyX2hhc2giOiIzZThkNzUzMjgxZWI2MTg3Nzk1YWRlNjdjNTIxYzAxMGQ5OTc0NTdiIn0=", "expire_date": "2017-11-19T15:25:28.363Z"}}, {"model": "sessions.session", "pk": "t8be5drsa5juvk0uplu4eo894z4ospsl", "fields": {"session_data": "ODdiN2NmYzQ3N2FhZTQzZDczYjdjMWU1YzBlYWVjZDI5MzYxYjdlNzp7Il9hdXRoX3VzZXJfaGFzaCI6ImQ3ZjM2Y2M2ZjEwZjA5ODZkNDI0NGI4MjBmOWRkYTk5NWFhNGQ1NTkiLCJfYXV0aF91c2VyX2lkIjoiMSIsIl9hdXRoX3VzZXJfYmFja2VuZCI6ImRqYW5nby5jb250cmliLmF1dGguYmFja2VuZHMuTW9kZWxCYWNrZW5kIn0=", "expire_date": "2017-10-23T12:26:56.283Z"}}, {"model": "sessions.session", "pk": "yal8y3ejv4sh0cuplvzuih22u1aip2ms", "fields": {"session_data": "OWI0OTMxNzcwZDAyYWYzODU0NjI1YjdmMDI1OTJlMTQ4NzI2MzJjZDp7Il9hdXRoX3VzZXJfYmFja2VuZCI6ImRqYW5nby5jb250cmliLmF1dGguYmFja2VuZHMuTW9kZWxCYWNrZW5kIiwiX2F1dGhfdXNlcl9oYXNoIjoiZDdmMzZjYzZmMTBmMDk4NmQ0MjQ0YjgyMGY5ZGRhOTk1YWE0ZDU1OSIsIl9hdXRoX3VzZXJfaWQiOiIxIn0=", "expire_date": "2017-10-22T22:34:57.851Z"}}, {"model": "technicalguides.device", "pk": 1, "fields": {"name": "Pocketbook 630", "img": "device/pocketbook_630.png"}}, {"model": "technicalguides.device", "pk": 2, "fields": {"name": "Pocketbook 650", "img": "device/650_2.png"}}, {"model": "technicalguides.device", "pk": 3, "fields": {"name": "840-2", "img": "device/utente_02_WGlkmwI.png"}}, {"model": "technicalguides.device", "pk": 4, "fields": {"name": "11", "img": "device/photo1.jpg"}}, {"model": "technicalguides.device", "pk": 5, "fields": {"name": "22", "img": "device/utente_02_VrGJ2mH.png"}}, {"model": "technicalguides.guide", "pk": 1, "fields": {"title": "Guide for CIS", "device": 2, "text": "<p>esdfsgfsdgsdf</p>", "published_date": "2017-10-13T21:46:06.524Z", "updated_date": "2017-10-14T21:12:26.408Z", "group": [3]}}, {"model": "technicalguides.guide", "pk": 2, "fields": {"title": "Guide for RU 630", "device": 1, "text": "<table cellspacing=\"0\">\r\n\t<tbody>\r\n\t\t<tr>\r\n\t\t\t<td>\r\n\t\t\t<ol>\r\n\t\t\t\t<li>Download and install&nbsp;<a href=\"ftp://pb_service:86pBQUWvAt@31.42.51.146/sdcard/Win32DiskImager-0.9.5-install.exe.7z\" target=\"_blank\">Win32DiskImager-0.9.5&rsquo; program</a>.</li>\r\n\t\t\t\t<li>Download service&nbsp;<a href=\"ftp://pb_service:86pBQUWvAt@31.42.51.146/sdcard/626/626_detectsn.7z\" target=\"_blank\">image for SDSN (SD card serial number) detection</a>.</li>\r\n\t\t\t\t<li>Burn the image to the known good micro SD card with &lsquo;Win32DiskImager-0.9.5&rsquo; program.</li>\r\n\t\t\t\t<li>Insert microSD card with the burned image into the device card reader and turn on the device by&nbsp;pressing &lsquo;power on button&rsquo; for 1 sec.</li>\r\n\t\t\t\t<li>SDSN should appear on the display (device should turn off by itself in a few seconds; SDSN should be&nbsp;on the display).</li>\r\n\t\t\t\t<li>Open&nbsp;<strong>Jenkins&nbsp;</strong>builder using direct link&nbsp;<a href=\"https://www.google.com/url?q=https%3A%2F%2Ftickets.obreey-products.com%2Fjenkins%2F&amp;sa=D&amp;sntz=1&amp;usg=AFQjCNFzcWg_ixJNjGevyHkbyTCI5EXTTA\" target=\"_blank\">https://tickets.obreey-products.com/jenkins/</a>&nbsp;and log in.</li>\r\n\t\t\t\t<li>Select &lsquo;<strong>626-sdcard</strong>&rsquo; in the appeared list of projects.</li>\r\n\t\t\t\t<li>Select display type, for XH7&nbsp;put&nbsp;WF and VCOM level to the empty fields of Jenkins builder.&nbsp;</li>\r\n\t\t\t\t<li><a href=\"https://sites.google.com/site/pbservicesite/touch-lux-3-626-plus/instrukcii/zamenavnutrennejkartymicrosd/XH7WF.png?attredirects=0\"><img src=\"https://sites.google.com/site/pbservicesite/_/rsrc/1470834942750/touch-lux-3-626-plus/instrukcii/zamenavnutrennejkartymicrosd/XH7WF.png?height=109&amp;width=200\" style=\"height:109px; width:200px\" /></a><img src=\"https://sites.google.com/site/pbservicesite/_/rsrc/1470834939649/touch-lux-3-626-plus/instrukcii/zamenavnutrennejkartymicrosd/XH7VCOM.png?height=189&amp;width=200\" style=\"height:189px; width:200px\" /></li>\r\n\t\t\t\t<li>Put&nbsp;<strong>SDSN&nbsp;</strong>and&nbsp;<strong>device serial number</strong>&nbsp;into the empty fields of Jenkins builder, select your<strong>&nbsp;e-mail&nbsp;</strong>from the&nbsp;drop-down list and press &rsquo;<strong>Build</strong>&rsquo; button.</li>\r\n\t\t\t\t<li>Open selected in previous point e-mail box and download image archive, using link from the received&nbsp;message. Please double check the &lsquo;spam&rsquo; or &lsquo;junk&rsquo; folders if no e-mail received.</li>\r\n\t\t\t\t<li>Unzip the archive and burn the appeared firmware image to the known good micro SD card with&nbsp;<strong>&lsquo;Win32DiskImager-0.9.5&rsquo;&nbsp;</strong>program.</li>\r\n\t\t\t\t<li>Insert micro SD card with the burned image into the device card reader and turn on the device by&nbsp;pressing &lsquo;power on button&rsquo; for 1 sec.</li>\r\n\t\t\t\t<li>Following the instructions on display, make primary device settings.</li>\r\n\t\t\t\t<li>Power on the device and connect it via USB cable to your PC.</li>\r\n\t\t\t\t<li>Provide additional diagnostic procedures if needed (touch screen, Wi-Fi, etc.)</li>\r\n\t\t\t\t<li>Copy &lsquo;Content&rsquo; folders to the root catalog of the internal microSD card of the device. Content is the&nbsp;same for all devices of this model and can be used constantly once downloaded. Link for downloading&nbsp;can be found in the e-mail message with firmware image archive download link. Please be noted, that&nbsp;mass-production content may differ from a customized (B2B) projects content.</li>\r\n\t\t\t\t<li>Reset device to factory defaults using internal Settings menu of the device.</li>\r\n\t\t\t</ol>\r\n\t\t\t</td>\r\n\t\t</tr>\r\n\t</tbody>\r\n</table>", "published_date": "2017-10-13T21:46:06.524Z", "updated_date": "2017-10-23T22:12:59.934Z", "group": [2]}}, {"model": "technicalguides.guide", "pk": 3, "fields": {"title": "test of time", "device": 1, "text": "<p>qweqweqweqweqweqweqwe</p>\r\n\r\n<p>zxczxczxczxcdddd</p>", "published_date": "2017-10-14T19:34:50.269Z", "updated_date": "2017-10-24T08:26:53.091Z", "group": [1]}}, {"model": "technicalguides.guide", "pk": 4, "fields": {"title": "test2", "device": 1, "text": "<p>adsfdsff</p>", "published_date": "2017-10-14T19:45:01.626Z", "updated_date": "2017-10-16T08:11:41.148Z", "group": [2, 3]}}, {"model": "technicalguides.news", "pk": 1, "fields": {"type": "alert alert-success", "title": "\u0421\u043a\u043e\u0440\u043e \u0437\u0430\u043f\u0443\u0441\u043a!", "text": "<p>\u041f\u0440\u0438\u0433\u043b\u0430\u0448\u0430\u0435\u043c \u0412\u0430\u0441 \u043f\u043e\u0441\u0435\u0442\u0438\u0442\u044c \u043d\u0430\u0448 \u043d\u043e\u0432\u044b\u0439 \u0441\u0430\u0439\u0442!!!<img alt=\"laugh\" src=\"http://127.0.0.1:8000/static/ckeditor/ckeditor/plugins/smiley/images/teeth_smile.png\" style=\"height:23px; width:23px\" title=\"laugh\" /></p>", "published_date": "2017-10-13T22:28:39.030Z", "group": [3]}}, {"model": "technicalguides.news", "pk": 2, "fields": {"type": "alert alert-info", "title": "\u0412\u043e\u0432\u043a \u0436\u0443\u0435 \u0442\u0440\u0430\u0432\u0443", "text": "<table border=\"1\" cellpadding=\"1\" cellspacing=\"1\" style=\"width:500px\">\r\n\t<tbody>\r\n\t\t<tr>\r\n\t\t\t<td><img alt=\"yes\" src=\"http://127.0.0.1:8000/static/ckeditor/ckeditor/plugins/smiley/images/thumbs_up.png\" style=\"height:23px; width:23px\" title=\"yes\" /></td>\r\n\t\t\t<td>&nbsp;</td>\r\n\t\t</tr>\r\n\t\t<tr>\r\n\t\t\t<td>&nbsp;</td>\r\n\t\t\t<td>&nbsp;</td>\r\n\t\t</tr>\r\n\t\t<tr>\r\n\t\t\t<td>&nbsp;</td>\r\n\t\t\t<td>&nbsp;</td>\r\n\t\t</tr>\r\n\t</tbody>\r\n</table>\r\n\r\n<p>&nbsp;</p>", "published_date": "2017-10-14T12:44:13.643Z", "group": [2]}}, {"model": "technicalguides.news", "pk": 6, "fields": {"type": "alert alert-primary", "title": "111111", "text": "<p>1111111111111111111111111111111111111111111111111111111111111</p>", "published_date": "2017-10-14T14:21:47.468Z", "group": [3]}}, {"model": "technicalguides.news", "pk": 7, "fields": {"type": "alert alert-warning", "title": "22222222222222", "text": "<p>2222222222222222</p>", "published_date": "2017-10-14T14:22:08.515Z", "group": [2]}}, {"model": "technicalguides.news", "pk": 8, "fields": {"type": "alert alert-info", "title": "3333333333", "text": "<p>33333333333333333333333333333333333333333333333333</p>", "published_date": "2017-10-14T14:23:00.534Z", "group": [3]}}, {"model": "technicalguides.procedure", "pk": 1, "fields": {"title": "URP", "text": "<p>\u0422\u0443\u0442 \u043a\u0430\u043a\u043e\u0439\u0442\u043e \u0442\u0435\u043a\u0441\u0442</p>", "published_date": "2017-10-19T20:29:46.288Z", "group": [2]}}, {"model": "reversion.revision", "pk": 1, "fields": {"date_created": "2017-10-13T21:47:42.207Z", "user": 1, "comment": "\u0414\u043e\u0431\u0430\u0432\u043b\u0435\u043d\u043e."}}, {"model": "reversion.revision", "pk": 2, "fields": {"date_created": "2017-10-13T22:28:39.024Z", "user": 1, "comment": "\u0414\u043e\u0431\u0430\u0432\u043b\u0435\u043d\u043e."}}, {"model": "reversion.revision", "pk": 3, "fields": {"date_created": "2017-10-13T22:55:42.034Z", "user": 1, "comment": "\u0418\u0437\u043c\u0435\u043d\u0435\u043d\u043e type."}}, {"model": "reversion.revision", "pk": 4, "fields": {"date_created": "2017-10-13T23:00:11.817Z", "user": 1, "comment": "\u0418\u0437\u043c\u0435\u043d\u0435\u043d\u043e type."}}, {"model": "reversion.revision", "pk": 5, "fields": {"date_created": "2017-10-13T23:02:28.139Z", "user": 1, "comment": "\u0418\u0437\u043c\u0435\u043d\u0435\u043d\u043e type."}}, {"model": "reversion.revision", "pk": 6, "fields": {"date_created": "2017-10-14T12:44:13.639Z", "user": 1, "comment": "\u0414\u043e\u0431\u0430\u0432\u043b\u0435\u043d\u043e."}}, {"model": "reversion.revision", "pk": 7, "fields": {"date_created": "2017-10-14T13:14:13.436Z", "user": 1, "comment": "\u0412\u043e\u0437\u0432\u0440\u0430\u0449\u0435\u043d\u043e \u043a \u043f\u0440\u0435\u0434\u044b\u0434\u0443\u0449\u0435\u0439 \u0432\u0435\u0440\u0441\u0438\u0438, \u0441\u043e\u0445\u0440\u0430\u043d\u0435\u043d\u043d\u043e\u0439 14 \u043e\u043a\u0442\u044f\u0431\u0440\u044f 2017 \u0433. 15:44"}}, {"model": "reversion.revision", "pk": 8, "fields": {"date_created": "2017-10-14T14:16:41.597Z", "user": 1, "comment": "\u0414\u043e\u0431\u0430\u0432\u043b\u0435\u043d\u043e."}}, {"model": "reversion.revision", "pk": 9, "fields": {"date_created": "2017-10-14T14:19:34.415Z", "user": 1, "comment": "\u0414\u043e\u0431\u0430\u0432\u043b\u0435\u043d\u043e."}}, {"model": "reversion.revision", "pk": 10, "fields": {"date_created": "2017-10-14T14:19:51.738Z", "user": 1, "comment": "\u0414\u043e\u0431\u0430\u0432\u043b\u0435\u043d\u043e."}}, {"model": "reversion.revision", "pk": 11, "fields": {"date_created": "2017-10-14T14:20:07.015Z", "user": 1, "comment": "\u0418\u0437\u043c\u0435\u043d\u0435\u043d\u043e title."}}, {"model": "reversion.revision", "pk": 12, "fields": {"date_created": "2017-10-14T14:20:59.604Z", "user": 1, "comment": "\u0418\u0437\u043c\u0435\u043d\u0435\u043d\u043e type."}}, {"model": "reversion.revision", "pk": 13, "fields": {"date_created": "2017-10-14T14:21:47.464Z", "user": 1, "comment": "\u0414\u043e\u0431\u0430\u0432\u043b\u0435\u043d\u043e."}}, {"model": "reversion.revision", "pk": 14, "fields": {"date_created": "2017-10-14T14:22:08.508Z", "user": 1, "comment": "\u0414\u043e\u0431\u0430\u0432\u043b\u0435\u043d\u043e."}}, {"model": "reversion.revision", "pk": 15, "fields": {"date_created": "2017-10-14T14:23:00.529Z", "user": 1, "comment": "\u0414\u043e\u0431\u0430\u0432\u043b\u0435\u043d\u043e."}}, {"model": "reversion.revision", "pk": 16, "fields": {"date_created": "2017-10-14T18:48:19.033Z", "user": 1, "comment": "\u0418\u0437\u043c\u0435\u043d\u0435\u043d\u043e type."}}, {"model": "reversion.revision", "pk": 17, "fields": {"date_created": "2017-10-14T18:48:38.542Z", "user": 1, "comment": "\u041d\u0438 \u043e\u0434\u043d\u043e \u043f\u043e\u043b\u0435 \u043d\u0435 \u0438\u0437\u043c\u0435\u043d\u0435\u043d\u043e."}}, {"model": "reversion.revision", "pk": 18, "fields": {"date_created": "2017-10-14T19:32:03.181Z", "user": 1, "comment": "\u041d\u0438 \u043e\u0434\u043d\u043e \u043f\u043e\u043b\u0435 \u043d\u0435 \u0438\u0437\u043c\u0435\u043d\u0435\u043d\u043e."}}, {"model": "reversion.revision", "pk": 19, "fields": {"date_created": "2017-10-14T19:33:19.897Z", "user": 1, "comment": "\u0418\u0437\u043c\u0435\u043d\u0435\u043d\u043e text."}}, {"model": "reversion.revision", "pk": 20, "fields": {"date_created": "2017-10-14T19:34:50.265Z", "user": 1, "comment": "\u0414\u043e\u0431\u0430\u0432\u043b\u0435\u043d\u043e."}}, {"model": "reversion.revision", "pk": 21, "fields": {"date_created": "2017-10-14T19:37:26.296Z", "user": 1, "comment": "\u0418\u0437\u043c\u0435\u043d\u0435\u043d\u043e text."}}, {"model": "reversion.revision", "pk": 22, "fields": {"date_created": "2017-10-14T19:42:09.005Z", "user": 1, "comment": "\u0418\u0437\u043c\u0435\u043d\u0435\u043d\u043e text."}}, {"model": "reversion.revision", "pk": 23, "fields": {"date_created": "2017-10-14T19:45:01.620Z", "user": 1, "comment": "\u0414\u043e\u0431\u0430\u0432\u043b\u0435\u043d\u043e."}}, {"model": "reversion.revision", "pk": 24, "fields": {"date_created": "2017-10-14T20:24:54.118Z", "user": 1, "comment": "\u0418\u0437\u043c\u0435\u043d\u0435\u043d\u043e text."}}, {"model": "reversion.revision", "pk": 25, "fields": {"date_created": "2017-10-14T21:12:06.172Z", "user": 1, "comment": "\u0418\u0437\u043c\u0435\u043d\u0435\u043d\u043e device."}}, {"model": "reversion.revision", "pk": 26, "fields": {"date_created": "2017-10-14T21:12:11.978Z", "user": 1, "comment": "\u0418\u0437\u043c\u0435\u043d\u0435\u043d\u043e device."}}, {"model": "reversion.revision", "pk": 27, "fields": {"date_created": "2017-10-14T21:12:19.456Z", "user": 1, "comment": "\u0418\u0437\u043c\u0435\u043d\u0435\u043d\u043e device."}}, {"model": "reversion.revision", "pk": 28, "fields": {"date_created": "2017-10-14T21:12:26.400Z", "user": 1, "comment": "\u0418\u0437\u043c\u0435\u043d\u0435\u043d\u043e device."}}, {"model": "reversion.revision", "pk": 29, "fields": {"date_created": "2017-10-15T22:46:57.105Z", "user": 1, "comment": "\u0412\u043e\u0437\u0432\u0440\u0430\u0449\u0435\u043d\u043e \u043a \u043f\u0440\u0435\u0434\u044b\u0434\u0443\u0449\u0435\u0439 \u0432\u0435\u0440\u0441\u0438\u0438, \u0441\u043e\u0445\u0440\u0430\u043d\u0435\u043d\u043d\u043e\u0439 15 \u043e\u043a\u0442\u044f\u0431\u0440\u044f 2017 \u0433. 0:12"}}, {"model": "reversion.revision", "pk": 30, "fields": {"date_created": "2017-10-15T22:50:33.016Z", "user": 1, "comment": "\u0412\u043e\u0437\u0432\u0440\u0430\u0449\u0435\u043d\u043e \u043a \u043f\u0440\u0435\u0434\u044b\u0434\u0443\u0449\u0435\u0439 \u0432\u0435\u0440\u0441\u0438\u0438, \u0441\u043e\u0445\u0440\u0430\u043d\u0435\u043d\u043d\u043e\u0439 14 \u043e\u043a\u0442\u044f\u0431\u0440\u044f 2017 \u0433. 16:14"}}, {"model": "reversion.revision", "pk": 31, "fields": {"date_created": "2017-10-16T08:11:41.140Z", "user": 1, "comment": "\u041d\u0438 \u043e\u0434\u043d\u043e \u043f\u043e\u043b\u0435 \u043d\u0435 \u0438\u0437\u043c\u0435\u043d\u0435\u043d\u043e."}}, {"model": "reversion.revision", "pk": 32, "fields": {"date_created": "2017-10-19T20:29:46.282Z", "user": 1, "comment": "\u0414\u043e\u0431\u0430\u0432\u043b\u0435\u043d\u043e."}}, {"model": "reversion.revision", "pk": 33, "fields": {"date_created": "2017-10-21T18:31:10.304Z", "user": 1, "comment": "\u0414\u043e\u0431\u0430\u0432\u043b\u0435\u043d\u043e."}}, {"model": "reversion.revision", "pk": 34, "fields": {"date_created": "2017-10-21T18:31:16.313Z", "user": 1, "comment": "\u0414\u043e\u0431\u0430\u0432\u043b\u0435\u043d\u043e."}}, {"model": "reversion.revision", "pk": 35, "fields": {"date_created": "2017-10-23T22:12:59.927Z", "user": 1, "comment": "No fields changed."}}, {"model": "reversion.revision", "pk": 36, "fields": {"date_created": "2017-10-24T08:26:53.077Z", "user": 1, "comment": "No fields changed."}}, {"model": "reversion.version", "pk": 1, "fields": {"revision": 1, "object_id": "3", "content_type": 8, "db": "default", "format": "json", "serialized_data": "[{\"model\": \"technicalguides.guide\", \"pk\": 3, \"fields\": {\"title\": \"234234\", \"text\": \"<p>2342342355</p>\", \"published_date\": \"2017-10-14T00:46:03+03:00\", \"device\": [3], \"group\": [2]}}]", "object_repr": "234234"}}, {"model": "reversion.version", "pk": 2, "fields": {"revision": 2, "object_id": "1", "content_type": 11, "db": "default", "format": "json", "serialized_data": "[{\"model\": \"technicalguides.news\", \"pk\": 1, \"fields\": {\"type\": \"alert alert-success\", \"title\": \"\\u0421\\u043a\\u043e\\u0440\\u043e \\u0437\\u0430\\u043f\\u0443\\u0441\\u043a!\", \"text\": \"<p>\\u041f\\u0440\\u0438\\u0433\\u043b\\u0430\\u0448\\u0430\\u0435\\u043c \\u0412\\u0430\\u0441 \\u043f\\u043e\\u0441\\u0435\\u0442\\u0438\\u0442\\u044c \\u043d\\u0430\\u0448 \\u043d\\u043e\\u0432\\u044b\\u0439 \\u0441\\u0430\\u0439\\u0442!!!<img alt=\\\"laugh\\\" src=\\\"http://127.0.0.1:8000/static/ckeditor/ckeditor/plugins/smiley/images/teeth_smile.png\\\" style=\\\"height:23px; width:23px\\\" title=\\\"laugh\\\" /></p>\", \"published_date\": \"2017-10-13T22:28:39.030Z\", \"group\": [3]}}]", "object_repr": "\u0421\u043a\u043e\u0440\u043e \u0437\u0430\u043f\u0443\u0441\u043a!"}}, {"model": "reversion.version", "pk": 3, "fields": {"revision": 3, "object_id": "1", "content_type": 11, "db": "default", "format": "json", "serialized_data": "[{\"model\": \"technicalguides.news\", \"pk\": 1, \"fields\": {\"type\": \"alert alert-danger\", \"title\": \"\\u0421\\u043a\\u043e\\u0440\\u043e \\u0437\\u0430\\u043f\\u0443\\u0441\\u043a!\", \"text\": \"<p>\\u041f\\u0440\\u0438\\u0433\\u043b\\u0430\\u0448\\u0430\\u0435\\u043c \\u0412\\u0430\\u0441 \\u043f\\u043e\\u0441\\u0435\\u0442\\u0438\\u0442\\u044c \\u043d\\u0430\\u0448 \\u043d\\u043e\\u0432\\u044b\\u0439 \\u0441\\u0430\\u0439\\u0442!!!<img alt=\\\"laugh\\\" src=\\\"http://127.0.0.1:8000/static/ckeditor/ckeditor/plugins/smiley/images/teeth_smile.png\\\" style=\\\"height:23px; width:23px\\\" title=\\\"laugh\\\" /></p>\", \"published_date\": \"2017-10-13T22:28:39.030Z\", \"group\": [3]}}]", "object_repr": "\u0421\u043a\u043e\u0440\u043e \u0437\u0430\u043f\u0443\u0441\u043a!"}}, {"model": "reversion.version", "pk": 4, "fields": {"revision": 4, "object_id": "1", "content_type": 11, "db": "default", "format": "json", "serialized_data": "[{\"model\": \"technicalguides.news\", \"pk\": 1, \"fields\": {\"type\": \"\\\"alert alert-primary\\\"\", \"title\": \"\\u0421\\u043a\\u043e\\u0440\\u043e \\u0437\\u0430\\u043f\\u0443\\u0441\\u043a!\", \"text\": \"<p>\\u041f\\u0440\\u0438\\u0433\\u043b\\u0430\\u0448\\u0430\\u0435\\u043c \\u0412\\u0430\\u0441 \\u043f\\u043e\\u0441\\u0435\\u0442\\u0438\\u0442\\u044c \\u043d\\u0430\\u0448 \\u043d\\u043e\\u0432\\u044b\\u0439 \\u0441\\u0430\\u0439\\u0442!!!<img alt=\\\"laugh\\\" src=\\\"http://127.0.0.1:8000/static/ckeditor/ckeditor/plugins/smiley/images/teeth_smile.png\\\" style=\\\"height:23px; width:23px\\\" title=\\\"laugh\\\" /></p>\", \"published_date\": \"2017-10-13T22:28:39.030Z\", \"group\": [3]}}]", "object_repr": "\u0421\u043a\u043e\u0440\u043e \u0437\u0430\u043f\u0443\u0441\u043a!"}}, {"model": "reversion.version", "pk": 5, "fields": {"revision": 5, "object_id": "1", "content_type": 11, "db": "default", "format": "json", "serialized_data": "[{\"model\": \"technicalguides.news\", \"pk\": 1, \"fields\": {\"type\": \"\\\"alert alert-danger\\\"\", \"title\": \"\\u0421\\u043a\\u043e\\u0440\\u043e \\u0437\\u0430\\u043f\\u0443\\u0441\\u043a!\", \"text\": \"<p>\\u041f\\u0440\\u0438\\u0433\\u043b\\u0430\\u0448\\u0430\\u0435\\u043c \\u0412\\u0430\\u0441 \\u043f\\u043e\\u0441\\u0435\\u0442\\u0438\\u0442\\u044c \\u043d\\u0430\\u0448 \\u043d\\u043e\\u0432\\u044b\\u0439 \\u0441\\u0430\\u0439\\u0442!!!<img alt=\\\"laugh\\\" src=\\\"http://127.0.0.1:8000/static/ckeditor/ckeditor/plugins/smiley/images/teeth_smile.png\\\" style=\\\"height:23px; width:23px\\\" title=\\\"laugh\\\" /></p>\", \"published_date\": \"2017-10-13T22:28:39.030Z\", \"group\": [3]}}]", "object_repr": "\u0421\u043a\u043e\u0440\u043e \u0437\u0430\u043f\u0443\u0441\u043a!"}}, {"model": "reversion.version", "pk": 6, "fields": {"revision": 6, "object_id": "2", "content_type": 11, "db": "default", "format": "json", "serialized_data": "[{\"model\": \"technicalguides.news\", \"pk\": 2, \"fields\": {\"type\": \"alert alert-info\", \"title\": \"\\u0412\\u043e\\u0432\\u043a \\u0436\\u0443\\u0435 \\u0442\\u0440\\u0430\\u0432\\u0443\", \"text\": \"<table border=\\\"1\\\" cellpadding=\\\"1\\\" cellspacing=\\\"1\\\" style=\\\"width:500px\\\">\\r\\n\\t<tbody>\\r\\n\\t\\t<tr>\\r\\n\\t\\t\\t<td><img alt=\\\"yes\\\" src=\\\"http://127.0.0.1:8000/static/ckeditor/ckeditor/plugins/smiley/images/thumbs_up.png\\\" style=\\\"height:23px; width:23px\\\" title=\\\"yes\\\" /></td>\\r\\n\\t\\t\\t<td>&nbsp;</td>\\r\\n\\t\\t</tr>\\r\\n\\t\\t<tr>\\r\\n\\t\\t\\t<td>&nbsp;</td>\\r\\n\\t\\t\\t<td>&nbsp;</td>\\r\\n\\t\\t</tr>\\r\\n\\t\\t<tr>\\r\\n\\t\\t\\t<td>&nbsp;</td>\\r\\n\\t\\t\\t<td>&nbsp;</td>\\r\\n\\t\\t</tr>\\r\\n\\t</tbody>\\r\\n</table>\\r\\n\\r\\n<p>&nbsp;</p>\", \"published_date\": \"2017-10-14T12:44:13.643Z\", \"group\": [2]}}]", "object_repr": "\u0412\u043e\u0432\u043a \u0436\u0443\u0435 \u0442\u0440\u0430\u0432\u0443"}}, {"model": "reversion.version", "pk": 7, "fields": {"revision": 7, "object_id": "2", "content_type": 11, "db": "default", "format": "json", "serialized_data": "[{\"model\": \"technicalguides.news\", \"pk\": 2, \"fields\": {\"type\": \"alert alert-info\", \"title\": \"\\u0412\\u043e\\u0432\\u043a \\u0436\\u0443\\u0435 \\u0442\\u0440\\u0430\\u0432\\u0443\", \"text\": \"<table border=\\\"1\\\" cellpadding=\\\"1\\\" cellspacing=\\\"1\\\" style=\\\"width:500px\\\">\\r\\n\\t<tbody>\\r\\n\\t\\t<tr>\\r\\n\\t\\t\\t<td><img alt=\\\"yes\\\" src=\\\"http://127.0.0.1:8000/static/ckeditor/ckeditor/plugins/smiley/images/thumbs_up.png\\\" style=\\\"height:23px; width:23px\\\" title=\\\"yes\\\" /></td>\\r\\n\\t\\t\\t<td>&nbsp;</td>\\r\\n\\t\\t</tr>\\r\\n\\t\\t<tr>\\r\\n\\t\\t\\t<td>&nbsp;</td>\\r\\n\\t\\t\\t<td>&nbsp;</td>\\r\\n\\t\\t</tr>\\r\\n\\t\\t<tr>\\r\\n\\t\\t\\t<td>&nbsp;</td>\\r\\n\\t\\t\\t<td>&nbsp;</td>\\r\\n\\t\\t</tr>\\r\\n\\t</tbody>\\r\\n</table>\\r\\n\\r\\n<p>&nbsp;</p>\", \"published_date\": \"2017-10-14T12:44:13.643Z\", \"group\": [2]}}]", "object_repr": "\u0412\u043e\u0432\u043a \u0436\u0443\u0435 \u0442\u0440\u0430\u0432\u0443"}}, {"model": "reversion.version", "pk": 8, "fields": {"revision": 8, "object_id": "3", "content_type": 11, "db": "default", "format": "json", "serialized_data": "[{\"model\": \"technicalguides.news\", \"pk\": 3, \"fields\": {\"type\": \"alert alert-success\", \"title\": \"222\", \"text\": \"<p>222222</p>\", \"published_date\": \"2017-10-14T14:16:41.601Z\", \"group\": [1]}}]", "object_repr": "222"}}, {"model": "reversion.version", "pk": 9, "fields": {"revision": 9, "object_id": "4", "content_type": 11, "db": "default", "format": "json", "serialized_data": "[{\"model\": \"technicalguides.news\", \"pk\": 4, \"fields\": {\"type\": \"alert alert-danger\", \"title\": \"3333\", \"text\": \"<p>4444</p>\", \"published_date\": \"2017-10-14T14:19:34.419Z\", \"group\": [1]}}]", "object_repr": "3333"}}, {"model": "reversion.version", "pk": 10, "fields": {"revision": 10, "object_id": "5", "content_type": 11, "db": "default", "format": "json", "serialized_data": "[{\"model\": \"technicalguides.news\", \"pk\": 5, \"fields\": {\"type\": \"alert alert-danger\", \"title\": \"3333\", \"text\": \"<p>4444</p>\", \"published_date\": \"2017-10-14T14:19:51.742Z\", \"group\": [1]}}]", "object_repr": "3333"}}, {"model": "reversion.version", "pk": 11, "fields": {"revision": 11, "object_id": "5", "content_type": 11, "db": "default", "format": "json", "serialized_data": "[{\"model\": \"technicalguides.news\", \"pk\": 5, \"fields\": {\"type\": \"alert alert-danger\", \"title\": \"4444\", \"text\": \"<p>4444</p>\", \"published_date\": \"2017-10-14T14:19:51.742Z\", \"group\": [1]}}]", "object_repr": "4444"}}, {"model": "reversion.version", "pk": 12, "fields": {"revision": 12, "object_id": "4", "content_type": 11, "db": "default", "format": "json", "serialized_data": "[{\"model\": \"technicalguides.news\", \"pk\": 4, \"fields\": {\"type\": \"alert alert-info\", \"title\": \"3333\", \"text\": \"<p>4444</p>\", \"published_date\": \"2017-10-14T14:19:34.419Z\", \"group\": [1]}}]", "object_repr": "3333"}}, {"model": "reversion.version", "pk": 13, "fields": {"revision": 13, "object_id": "6", "content_type": 11, "db": "default", "format": "json", "serialized_data": "[{\"model\": \"technicalguides.news\", \"pk\": 6, \"fields\": {\"type\": \"alert alert-primary\", \"title\": \"111111\", \"text\": \"<p>1111111111111111111111111111111111111111111111111111111111111</p>\", \"published_date\": \"2017-10-14T14:21:47.468Z\", \"group\": [3]}}]", "object_repr": "111111"}}, {"model": "reversion.version", "pk": 14, "fields": {"revision": 14, "object_id": "7", "content_type": 11, "db": "default", "format": "json", "serialized_data": "[{\"model\": \"technicalguides.news\", \"pk\": 7, \"fields\": {\"type\": \"alert alert-warning\", \"title\": \"22222222222222\", \"text\": \"<p>2222222222222222</p>\", \"published_date\": \"2017-10-14T14:22:08.515Z\", \"group\": [2]}}]", "object_repr": "22222222222222"}}, {"model": "reversion.version", "pk": 15, "fields": {"revision": 15, "object_id": "8", "content_type": 11, "db": "default", "format": "json", "serialized_data": "[{\"model\": \"technicalguides.news\", \"pk\": 8, \"fields\": {\"type\": \"alert alert-info\", \"title\": \"3333333333\", \"text\": \"<p>33333333333333333333333333333333333333333333333333</p>\", \"published_date\": \"2017-10-14T14:23:00.534Z\", \"group\": [3]}}]", "object_repr": "3333333333"}}, {"model": "reversion.version", "pk": 16, "fields": {"revision": 16, "object_id": "1", "content_type": 11, "db": "default", "format": "json", "serialized_data": "[{\"model\": \"technicalguides.news\", \"pk\": 1, \"fields\": {\"type\": \"alert alert-success\", \"title\": \"\\u0421\\u043a\\u043e\\u0440\\u043e \\u0437\\u0430\\u043f\\u0443\\u0441\\u043a!\", \"text\": \"<p>\\u041f\\u0440\\u0438\\u0433\\u043b\\u0430\\u0448\\u0430\\u0435\\u043c \\u0412\\u0430\\u0441 \\u043f\\u043e\\u0441\\u0435\\u0442\\u0438\\u0442\\u044c \\u043d\\u0430\\u0448 \\u043d\\u043e\\u0432\\u044b\\u0439 \\u0441\\u0430\\u0439\\u0442!!!<img alt=\\\"laugh\\\" src=\\\"http://127.0.0.1:8000/static/ckeditor/ckeditor/plugins/smiley/images/teeth_smile.png\\\" style=\\\"height:23px; width:23px\\\" title=\\\"laugh\\\" /></p>\", \"published_date\": \"2017-10-13T22:28:39.030Z\", \"group\": [3]}}]", "object_repr": "\u0421\u043a\u043e\u0440\u043e \u0437\u0430\u043f\u0443\u0441\u043a!"}}, {"model": "reversion.version", "pk": 17, "fields": {"revision": 17, "object_id": "1", "content_type": 11, "db": "default", "format": "json", "serialized_data": "[{\"model\": \"technicalguides.news\", \"pk\": 1, \"fields\": {\"type\": \"alert alert-success\", \"title\": \"\\u0421\\u043a\\u043e\\u0440\\u043e \\u0437\\u0430\\u043f\\u0443\\u0441\\u043a!\", \"text\": \"<p>\\u041f\\u0440\\u0438\\u0433\\u043b\\u0430\\u0448\\u0430\\u0435\\u043c \\u0412\\u0430\\u0441 \\u043f\\u043e\\u0441\\u0435\\u0442\\u0438\\u0442\\u044c \\u043d\\u0430\\u0448 \\u043d\\u043e\\u0432\\u044b\\u0439 \\u0441\\u0430\\u0439\\u0442!!!<img alt=\\\"laugh\\\" src=\\\"http://127.0.0.1:8000/static/ckeditor/ckeditor/plugins/smiley/images/teeth_smile.png\\\" style=\\\"height:23px; width:23px\\\" title=\\\"laugh\\\" /></p>\", \"published_date\": \"2017-10-13T22:28:39.030Z\", \"group\": [3]}}]", "object_repr": "\u0421\u043a\u043e\u0440\u043e \u0437\u0430\u043f\u0443\u0441\u043a!"}}, {"model": "reversion.version", "pk": 18, "fields": {"revision": 18, "object_id": "2", "content_type": 8, "db": "default", "format": "json", "serialized_data": "[{\"model\": \"technicalguides.guide\", \"pk\": 2, \"fields\": {\"title\": \"Guide for RU 630\", \"text\": \"<table cellspacing=\\\"0\\\">\\r\\n\\t<tbody>\\r\\n\\t\\t<tr>\\r\\n\\t\\t\\t<td>\\r\\n\\t\\t\\t<ol>\\r\\n\\t\\t\\t\\t<li>Download and install&nbsp;<a href=\\\"ftp://pb_service:86pBQUWvAt@31.42.51.146/sdcard/Win32DiskImager-0.9.5-install.exe.7z\\\" target=\\\"_blank\\\">Win32DiskImager-0.9.5&rsquo; program</a>.</li>\\r\\n\\t\\t\\t\\t<li>Download service&nbsp;<a href=\\\"ftp://pb_service:86pBQUWvAt@31.42.51.146/sdcard/626/626_detectsn.7z\\\" target=\\\"_blank\\\">image for SDSN (SD card serial number) detection</a>.</li>\\r\\n\\t\\t\\t\\t<li>Burn the image to the known good micro SD card with &lsquo;Win32DiskImager-0.9.5&rsquo; program.</li>\\r\\n\\t\\t\\t\\t<li>Insert microSD card with the burned image into the device card reader and turn on the device by&nbsp;pressing &lsquo;power on button&rsquo; for 1 sec.</li>\\r\\n\\t\\t\\t\\t<li>SDSN should appear on the display (device should turn off by itself in a few seconds; SDSN should be&nbsp;on the display).</li>\\r\\n\\t\\t\\t\\t<li>Open&nbsp;<strong>Jenkins&nbsp;</strong>builder using direct link&nbsp;<a href=\\\"https://www.google.com/url?q=https%3A%2F%2Ftickets.obreey-products.com%2Fjenkins%2F&amp;sa=D&amp;sntz=1&amp;usg=AFQjCNFzcWg_ixJNjGevyHkbyTCI5EXTTA\\\" target=\\\"_blank\\\">https://tickets.obreey-products.com/jenkins/</a>&nbsp;and log in.</li>\\r\\n\\t\\t\\t\\t<li>Select &lsquo;<strong>626-sdcard</strong>&rsquo; in the appeared list of projects.</li>\\r\\n\\t\\t\\t\\t<li>Select display type, for XH7&nbsp;put&nbsp;WF and VCOM level to the empty fields of Jenkins builder.&nbsp;</li>\\r\\n\\t\\t\\t\\t<li><a href=\\\"https://sites.google.com/site/pbservicesite/touch-lux-3-626-plus/instrukcii/zamenavnutrennejkartymicrosd/XH7WF.png?attredirects=0\\\"><img src=\\\"https://sites.google.com/site/pbservicesite/_/rsrc/1470834942750/touch-lux-3-626-plus/instrukcii/zamenavnutrennejkartymicrosd/XH7WF.png?height=109&amp;width=200\\\" style=\\\"height:109px; width:200px\\\" /></a><img src=\\\"https://sites.google.com/site/pbservicesite/_/rsrc/1470834939649/touch-lux-3-626-plus/instrukcii/zamenavnutrennejkartymicrosd/XH7VCOM.png?height=189&amp;width=200\\\" style=\\\"height:189px; width:200px\\\" /></li>\\r\\n\\t\\t\\t\\t<li>Put&nbsp;<strong>SDSN&nbsp;</strong>and&nbsp;<strong>device serial number</strong>&nbsp;into the empty fields of Jenkins builder, select your<strong>&nbsp;e-mail&nbsp;</strong>from the&nbsp;drop-down list and press &rsquo;<strong>Build</strong>&rsquo; button.</li>\\r\\n\\t\\t\\t\\t<li>Open selected in previous point e-mail box and download image archive, using link from the received&nbsp;message. Please double check the &lsquo;spam&rsquo; or &lsquo;junk&rsquo; folders if no e-mail received.</li>\\r\\n\\t\\t\\t\\t<li>Unzip the archive and burn the appeared firmware image to the known good micro SD card with&nbsp;<strong>&lsquo;Win32DiskImager-0.9.5&rsquo;&nbsp;</strong>program.</li>\\r\\n\\t\\t\\t\\t<li>Insert micro SD card with the burned image into the device card reader and turn on the device by&nbsp;pressing &lsquo;power on button&rsquo; for 1 sec.</li>\\r\\n\\t\\t\\t\\t<li>Following the instructions on display, make primary device settings.</li>\\r\\n\\t\\t\\t\\t<li>Power on the device and connect it via USB cable to your PC.</li>\\r\\n\\t\\t\\t\\t<li>Provide additional diagnostic procedures if needed (touch screen, Wi-Fi, etc.)</li>\\r\\n\\t\\t\\t\\t<li>Copy &lsquo;Content&rsquo; folders to the root catalog of the internal microSD card of the device. Content is the&nbsp;same for all devices of this model and can be used constantly once downloaded. Link for downloading&nbsp;can be found in the e-mail message with firmware image archive download link. Please be noted, that&nbsp;mass-production content may differ from a customized (B2B) projects content.</li>\\r\\n\\t\\t\\t\\t<li>Reset device to factory defaults using internal Settings menu of the device.</li>\\r\\n\\t\\t\\t</ol>\\r\\n\\t\\t\\t</td>\\r\\n\\t\\t</tr>\\r\\n\\t</tbody>\\r\\n</table>\", \"published_date\": \"2017-10-13T21:46:06.524Z\", \"device\": [1], \"group\": [2]}}]", "object_repr": "Guide for RU 630"}}, {"model": "reversion.version", "pk": 19, "fields": {"revision": 19, "object_id": "2", "content_type": 8, "db": "default", "format": "json", "serialized_data": "[{\"model\": \"technicalguides.guide\", \"pk\": 2, \"fields\": {\"title\": \"Guide for RU 630\", \"text\": \"<table cellspacing=\\\"0\\\">\\r\\n\\t<tbody>\\r\\n\\t\\t<tr>\\r\\n\\t\\t\\t<td>\\r\\n\\t\\t\\t<ol>\\r\\n\\t\\t\\t\\t<li>Download and install&nbsp;<a href=\\\"ftp://pb_service:86pBQUWvAt@31.42.51.146/sdcard/Win32DiskImager-0.9.5-install.exe.7z\\\" target=\\\"_blank\\\">Win32DiskImager-0.9.5&rsquo; program</a>.</li>\\r\\n\\t\\t\\t\\t<li>Download service&nbsp;<a href=\\\"ftp://pb_service:86pBQUWvAt@31.42.51.146/sdcard/626/626_detectsn.7z\\\" target=\\\"_blank\\\">image for SDSN (SD card serial number) detection</a>.</li>\\r\\n\\t\\t\\t\\t<li>Burn the image to the known good micro SD card with &lsquo;Win32DiskImager-0.9.5&rsquo; program.</li>\\r\\n\\t\\t\\t\\t<li>Insert microSD card with the burned image into the device card reader and turn on the device by&nbsp;pressing &lsquo;power on button&rsquo; for 1 sec.</li>\\r\\n\\t\\t\\t\\t<li>SDSN should appear on the display (device should turn off by itself in a few seconds; SDSN should be&nbsp;on the display).</li>\\r\\n\\t\\t\\t\\t<li>Open&nbsp;<strong>Jenkins&nbsp;</strong>builder using direct link&nbsp;<a href=\\\"https://www.google.com/url?q=https%3A%2F%2Ftickets.obreey-products.com%2Fjenkins%2F&amp;sa=D&amp;sntz=1&amp;usg=AFQjCNFzcWg_ixJNjGevyHkbyTCI5EXTTA\\\" target=\\\"_blank\\\">https://tickets.obreey-products.com/jenkins/</a>&nbsp;and log in.</li>\\r\\n\\t\\t\\t\\t<li>Select &lsquo;<strong>626-sdcard</strong>&rsquo; in the appeared list of projects.</li>\\r\\n\\t\\t\\t\\t<li>Select display type, for XH7&nbsp;put&nbsp;WF and VCOM level to the empty fields of Jenkins builder.&nbsp;</li>\\r\\n\\t\\t\\t\\t<li><a href=\\\"https://sites.google.com/site/pbservicesite/touch-lux-3-626-plus/instrukcii/zamenavnutrennejkartymicrosd/XH7WF.png?attredirects=0\\\"><img src=\\\"https://sites.google.com/site/pbservicesite/_/rsrc/1470834942750/touch-lux-3-626-plus/instrukcii/zamenavnutrennejkartymicrosd/XH7WF.png?height=109&amp;width=200\\\" style=\\\"height:109px; width:200px\\\" /></a><img src=\\\"https://sites.google.com/site/pbservicesite/_/rsrc/1470834939649/touch-lux-3-626-plus/instrukcii/zamenavnutrennejkartymicrosd/XH7VCOM.png?height=189&amp;width=200\\\" style=\\\"height:189px; width:200px\\\" /></li>\\r\\n\\t\\t\\t\\t<li>Put&nbsp;<strong>SDSN&nbsp;</strong>and&nbsp;<strong>device serial number</strong>&nbsp;into the empty fields of Jenkins builder, select your<strong>&nbsp;e-mail&nbsp;</strong>from the&nbsp;drop-down list and press &rsquo;<strong>Build</strong>&rsquo; button.</li>\\r\\n\\t\\t\\t\\t<li>Open selected in previous point e-mail box and download image archive, using link from the received&nbsp;message. Please double check the &lsquo;spam&rsquo; or &lsquo;junk&rsquo; folders if no e-mail received.</li>\\r\\n\\t\\t\\t\\t<li>Unzip the archive and burn the appeared firmware image to the known good micro SD card with&nbsp;<strong>&lsquo;Win32DiskImager-0.9.5&rsquo;&nbsp;</strong>program.</li>\\r\\n\\t\\t\\t\\t<li>Insert micro SD card with the burned image into the device card reader and turn on the device by&nbsp;pressing &lsquo;power on button&rsquo; for 1 sec.</li>\\r\\n\\t\\t\\t\\t<li>Following the instructions on display, make primary device settings.</li>\\r\\n\\t\\t\\t\\t<li>Power on the device and connect it via USB cable to your PC.</li>\\r\\n\\t\\t\\t\\t<li>Provide additional diagnostic procedures if needed (touch screen, Wi-Fi, etc.)</li>\\r\\n\\t\\t\\t\\t<li>Copy &lsquo;Content&rsquo; folders to the root catalog of the internal microSD card of the device. Content is the&nbsp;same for all devices of this model and can be used constantly once downloaded. Link for downloading&nbsp;can be found in the e-mail message with firmware image archive download link. Please be noted, that&nbsp;mass-production content may differ from a customized (B2B) projects content.</li>\\r\\n\\t\\t\\t\\t<li>Reset device to factory defaults using internal Settings menu of the device.</li>\\r\\n\\t\\t\\t\\t<li>&nbsp;</li>\\r\\n\\t\\t\\t</ol>\\r\\n\\t\\t\\t</td>\\r\\n\\t\\t</tr>\\r\\n\\t</tbody>\\r\\n</table>\", \"published_date\": \"2017-10-13T21:46:06.524Z\", \"device\": [1], \"group\": [2]}}]", "object_repr": "Guide for RU 630"}}, {"model": "reversion.version", "pk": 20, "fields": {"revision": 20, "object_id": "3", "content_type": 8, "db": "default", "format": "json", "serialized_data": "[{\"model\": \"technicalguides.guide\", \"pk\": 3, \"fields\": {\"title\": \"test of time\", \"text\": \"<p>qweqweqweqweqweqweqwe</p>\", \"published_date\": \"2017-10-14T19:34:50.269Z\", \"device\": [1], \"group\": [2]}}]", "object_repr": "test of time"}}, {"model": "reversion.version", "pk": 21, "fields": {"revision": 21, "object_id": "3", "content_type": 8, "db": "default", "format": "json", "serialized_data": "[{\"model\": \"technicalguides.guide\", \"pk\": 3, \"fields\": {\"title\": \"test of time\", \"text\": \"<p>qweqweqweqweqweqweqwe</p>\\r\\n\\r\\n<p>zxczxczxczxc</p>\", \"published_date\": \"2017-10-14T19:34:50.269Z\", \"device\": [1], \"group\": [2]}}]", "object_repr": "test of time"}}, {"model": "reversion.version", "pk": 22, "fields": {"revision": 22, "object_id": "3", "content_type": 8, "db": "default", "format": "json", "serialized_data": "[{\"model\": \"technicalguides.guide\", \"pk\": 3, \"fields\": {\"title\": \"test of time\", \"text\": \"<p>qweqweqweqweqweqweqwe</p>\\r\\n\\r\\n<p>zxczxczxczxcdddd</p>\", \"published_date\": \"2017-10-14T19:34:50.269Z\", \"updated_date\": \"2017-10-14T19:42:09.015Z\", \"device\": [1], \"group\": [2]}}]", "object_repr": "test of time"}}, {"model": "reversion.version", "pk": 23, "fields": {"revision": 23, "object_id": "4", "content_type": 8, "db": "default", "format": "json", "serialized_data": "[{\"model\": \"technicalguides.guide\", \"pk\": 4, \"fields\": {\"title\": \"test2\", \"text\": \"<p>adsfdsff</p>\", \"published_date\": \"2017-10-14T19:45:01.626Z\", \"updated_date\": \"2017-10-14T19:45:01.626Z\", \"device\": [1], \"group\": [2]}}]", "object_repr": "test2"}}, {"model": "reversion.version", "pk": 24, "fields": {"revision": 24, "object_id": "2", "content_type": 8, "db": "default", "format": "json", "serialized_data": "[{\"model\": \"technicalguides.guide\", \"pk\": 2, \"fields\": {\"title\": \"Guide for RU 630\", \"text\": \"<table cellspacing=\\\"0\\\">\\r\\n\\t<tbody>\\r\\n\\t\\t<tr>\\r\\n\\t\\t\\t<td>\\r\\n\\t\\t\\t<ol>\\r\\n\\t\\t\\t\\t<li>Download and install&nbsp;<a href=\\\"ftp://pb_service:86pBQUWvAt@31.42.51.146/sdcard/Win32DiskImager-0.9.5-install.exe.7z\\\" target=\\\"_blank\\\">Win32DiskImager-0.9.5&rsquo; program</a>.</li>\\r\\n\\t\\t\\t\\t<li>Download service&nbsp;<a href=\\\"ftp://pb_service:86pBQUWvAt@31.42.51.146/sdcard/626/626_detectsn.7z\\\" target=\\\"_blank\\\">image for SDSN (SD card serial number) detection</a>.</li>\\r\\n\\t\\t\\t\\t<li>Burn the image to the known good micro SD card with &lsquo;Win32DiskImager-0.9.5&rsquo; program.</li>\\r\\n\\t\\t\\t\\t<li>Insert microSD card with the burned image into the device card reader and turn on the device by&nbsp;pressing &lsquo;power on button&rsquo; for 1 sec.</li>\\r\\n\\t\\t\\t\\t<li>SDSN should appear on the display (device should turn off by itself in a few seconds; SDSN should be&nbsp;on the display).</li>\\r\\n\\t\\t\\t\\t<li>Open&nbsp;<strong>Jenkins&nbsp;</strong>builder using direct link&nbsp;<a href=\\\"https://www.google.com/url?q=https%3A%2F%2Ftickets.obreey-products.com%2Fjenkins%2F&amp;sa=D&amp;sntz=1&amp;usg=AFQjCNFzcWg_ixJNjGevyHkbyTCI5EXTTA\\\" target=\\\"_blank\\\">https://tickets.obreey-products.com/jenkins/</a>&nbsp;and log in.</li>\\r\\n\\t\\t\\t\\t<li>Select &lsquo;<strong>626-sdcard</strong>&rsquo; in the appeared list of projects.</li>\\r\\n\\t\\t\\t\\t<li>Select display type, for XH7&nbsp;put&nbsp;WF and VCOM level to the empty fields of Jenkins builder.&nbsp;</li>\\r\\n\\t\\t\\t\\t<li><a href=\\\"https://sites.google.com/site/pbservicesite/touch-lux-3-626-plus/instrukcii/zamenavnutrennejkartymicrosd/XH7WF.png?attredirects=0\\\"><img src=\\\"https://sites.google.com/site/pbservicesite/_/rsrc/1470834942750/touch-lux-3-626-plus/instrukcii/zamenavnutrennejkartymicrosd/XH7WF.png?height=109&amp;width=200\\\" style=\\\"height:109px; width:200px\\\" /></a><img src=\\\"https://sites.google.com/site/pbservicesite/_/rsrc/1470834939649/touch-lux-3-626-plus/instrukcii/zamenavnutrennejkartymicrosd/XH7VCOM.png?height=189&amp;width=200\\\" style=\\\"height:189px; width:200px\\\" /></li>\\r\\n\\t\\t\\t\\t<li>Put&nbsp;<strong>SDSN&nbsp;</strong>and&nbsp;<strong>device serial number</strong>&nbsp;into the empty fields of Jenkins builder, select your<strong>&nbsp;e-mail&nbsp;</strong>from the&nbsp;drop-down list and press &rsquo;<strong>Build</strong>&rsquo; button.</li>\\r\\n\\t\\t\\t\\t<li>Open selected in previous point e-mail box and download image archive, using link from the received&nbsp;message. Please double check the &lsquo;spam&rsquo; or &lsquo;junk&rsquo; folders if no e-mail received.</li>\\r\\n\\t\\t\\t\\t<li>Unzip the archive and burn the appeared firmware image to the known good micro SD card with&nbsp;<strong>&lsquo;Win32DiskImager-0.9.5&rsquo;&nbsp;</strong>program.</li>\\r\\n\\t\\t\\t\\t<li>Insert micro SD card with the burned image into the device card reader and turn on the device by&nbsp;pressing &lsquo;power on button&rsquo; for 1 sec.</li>\\r\\n\\t\\t\\t\\t<li>Following the instructions on display, make primary device settings.</li>\\r\\n\\t\\t\\t\\t<li>Power on the device and connect it via USB cable to your PC.</li>\\r\\n\\t\\t\\t\\t<li>Provide additional diagnostic procedures if needed (touch screen, Wi-Fi, etc.)</li>\\r\\n\\t\\t\\t\\t<li>Copy &lsquo;Content&rsquo; folders to the root catalog of the internal microSD card of the device. Content is the&nbsp;same for all devices of this model and can be used constantly once downloaded. Link for downloading&nbsp;can be found in the e-mail message with firmware image archive download link. Please be noted, that&nbsp;mass-production content may differ from a customized (B2B) projects content.</li>\\r\\n\\t\\t\\t\\t<li>Reset device to factory defaults using internal Settings menu of the device.</li>\\r\\n\\t\\t\\t</ol>\\r\\n\\t\\t\\t</td>\\r\\n\\t\\t</tr>\\r\\n\\t</tbody>\\r\\n</table>\", \"published_date\": \"2017-10-13T21:46:06.524Z\", \"updated_date\": \"2017-10-14T20:24:54.128Z\", \"device\": [1], \"group\": [2]}}]", "object_repr": "Guide for RU 630"}}, {"model": "reversion.version", "pk": 25, "fields": {"revision": 25, "object_id": "4", "content_type": 8, "db": "default", "format": "json", "serialized_data": "[{\"model\": \"technicalguides.guide\", \"pk\": 4, \"fields\": {\"device\": 1, \"title\": \"test2\", \"text\": \"<p>adsfdsff</p>\", \"published_date\": \"2017-10-14T19:45:01.626Z\", \"updated_date\": \"2017-10-14T21:12:06.180Z\", \"group\": [2]}}]", "object_repr": "test2"}}, {"model": "reversion.version", "pk": 26, "fields": {"revision": 26, "object_id": "3", "content_type": 8, "db": "default", "format": "json", "serialized_data": "[{\"model\": \"technicalguides.guide\", \"pk\": 3, \"fields\": {\"device\": 1, \"title\": \"test of time\", \"text\": \"<p>qweqweqweqweqweqweqwe</p>\\r\\n\\r\\n<p>zxczxczxczxcdddd</p>\", \"published_date\": \"2017-10-14T19:34:50.269Z\", \"updated_date\": \"2017-10-14T21:12:11.986Z\", \"group\": [2]}}]", "object_repr": "test of time"}}, {"model": "reversion.version", "pk": 27, "fields": {"revision": 27, "object_id": "2", "content_type": 8, "db": "default", "format": "json", "serialized_data": "[{\"model\": \"technicalguides.guide\", \"pk\": 2, \"fields\": {\"device\": 1, \"title\": \"Guide for RU 630\", \"text\": \"<table cellspacing=\\\"0\\\">\\r\\n\\t<tbody>\\r\\n\\t\\t<tr>\\r\\n\\t\\t\\t<td>\\r\\n\\t\\t\\t<ol>\\r\\n\\t\\t\\t\\t<li>Download and install&nbsp;<a href=\\\"ftp://pb_service:86pBQUWvAt@31.42.51.146/sdcard/Win32DiskImager-0.9.5-install.exe.7z\\\" target=\\\"_blank\\\">Win32DiskImager-0.9.5&rsquo; program</a>.</li>\\r\\n\\t\\t\\t\\t<li>Download service&nbsp;<a href=\\\"ftp://pb_service:86pBQUWvAt@31.42.51.146/sdcard/626/626_detectsn.7z\\\" target=\\\"_blank\\\">image for SDSN (SD card serial number) detection</a>.</li>\\r\\n\\t\\t\\t\\t<li>Burn the image to the known good micro SD card with &lsquo;Win32DiskImager-0.9.5&rsquo; program.</li>\\r\\n\\t\\t\\t\\t<li>Insert microSD card with the burned image into the device card reader and turn on the device by&nbsp;pressing &lsquo;power on button&rsquo; for 1 sec.</li>\\r\\n\\t\\t\\t\\t<li>SDSN should appear on the display (device should turn off by itself in a few seconds; SDSN should be&nbsp;on the display).</li>\\r\\n\\t\\t\\t\\t<li>Open&nbsp;<strong>Jenkins&nbsp;</strong>builder using direct link&nbsp;<a href=\\\"https://www.google.com/url?q=https%3A%2F%2Ftickets.obreey-products.com%2Fjenkins%2F&amp;sa=D&amp;sntz=1&amp;usg=AFQjCNFzcWg_ixJNjGevyHkbyTCI5EXTTA\\\" target=\\\"_blank\\\">https://tickets.obreey-products.com/jenkins/</a>&nbsp;and log in.</li>\\r\\n\\t\\t\\t\\t<li>Select &lsquo;<strong>626-sdcard</strong>&rsquo; in the appeared list of projects.</li>\\r\\n\\t\\t\\t\\t<li>Select display type, for XH7&nbsp;put&nbsp;WF and VCOM level to the empty fields of Jenkins builder.&nbsp;</li>\\r\\n\\t\\t\\t\\t<li><a href=\\\"https://sites.google.com/site/pbservicesite/touch-lux-3-626-plus/instrukcii/zamenavnutrennejkartymicrosd/XH7WF.png?attredirects=0\\\"><img src=\\\"https://sites.google.com/site/pbservicesite/_/rsrc/1470834942750/touch-lux-3-626-plus/instrukcii/zamenavnutrennejkartymicrosd/XH7WF.png?height=109&amp;width=200\\\" style=\\\"height:109px; width:200px\\\" /></a><img src=\\\"https://sites.google.com/site/pbservicesite/_/rsrc/1470834939649/touch-lux-3-626-plus/instrukcii/zamenavnutrennejkartymicrosd/XH7VCOM.png?height=189&amp;width=200\\\" style=\\\"height:189px; width:200px\\\" /></li>\\r\\n\\t\\t\\t\\t<li>Put&nbsp;<strong>SDSN&nbsp;</strong>and&nbsp;<strong>device serial number</strong>&nbsp;into the empty fields of Jenkins builder, select your<strong>&nbsp;e-mail&nbsp;</strong>from the&nbsp;drop-down list and press &rsquo;<strong>Build</strong>&rsquo; button.</li>\\r\\n\\t\\t\\t\\t<li>Open selected in previous point e-mail box and download image archive, using link from the received&nbsp;message. Please double check the &lsquo;spam&rsquo; or &lsquo;junk&rsquo; folders if no e-mail received.</li>\\r\\n\\t\\t\\t\\t<li>Unzip the archive and burn the appeared firmware image to the known good micro SD card with&nbsp;<strong>&lsquo;Win32DiskImager-0.9.5&rsquo;&nbsp;</strong>program.</li>\\r\\n\\t\\t\\t\\t<li>Insert micro SD card with the burned image into the device card reader and turn on the device by&nbsp;pressing &lsquo;power on button&rsquo; for 1 sec.</li>\\r\\n\\t\\t\\t\\t<li>Following the instructions on display, make primary device settings.</li>\\r\\n\\t\\t\\t\\t<li>Power on the device and connect it via USB cable to your PC.</li>\\r\\n\\t\\t\\t\\t<li>Provide additional diagnostic procedures if needed (touch screen, Wi-Fi, etc.)</li>\\r\\n\\t\\t\\t\\t<li>Copy &lsquo;Content&rsquo; folders to the root catalog of the internal microSD card of the device. Content is the&nbsp;same for all devices of this model and can be used constantly once downloaded. Link for downloading&nbsp;can be found in the e-mail message with firmware image archive download link. Please be noted, that&nbsp;mass-production content may differ from a customized (B2B) projects content.</li>\\r\\n\\t\\t\\t\\t<li>Reset device to factory defaults using internal Settings menu of the device.</li>\\r\\n\\t\\t\\t</ol>\\r\\n\\t\\t\\t</td>\\r\\n\\t\\t</tr>\\r\\n\\t</tbody>\\r\\n</table>\", \"published_date\": \"2017-10-13T21:46:06.524Z\", \"updated_date\": \"2017-10-14T21:12:19.467Z\", \"group\": [2]}}]", "object_repr": "Guide for RU 630"}}, {"model": "reversion.version", "pk": 28, "fields": {"revision": 28, "object_id": "1", "content_type": 8, "db": "default", "format": "json", "serialized_data": "[{\"model\": \"technicalguides.guide\", \"pk\": 1, \"fields\": {\"device\": 2, \"title\": \"Guide for CIS\", \"text\": \"<p>esdfsgfsdgsdf</p>\", \"published_date\": \"2017-10-13T21:46:06.524Z\", \"updated_date\": \"2017-10-14T21:12:26.408Z\", \"group\": [3]}}]", "object_repr": "Guide for CIS"}}, {"model": "reversion.version", "pk": 29, "fields": {"revision": 29, "object_id": "4", "content_type": 8, "db": "default", "format": "json", "serialized_data": "[{\"model\": \"technicalguides.guide\", \"pk\": 4, \"fields\": {\"title\": \"test2\", \"device\": 1, \"text\": \"<p>adsfdsff</p>\", \"published_date\": \"2017-10-14T19:45:01.626Z\", \"updated_date\": \"2017-10-15T22:46:57.112Z\", \"group\": [2]}}]", "object_repr": "test2"}}, {"model": "reversion.version", "pk": 30, "fields": {"revision": 30, "object_id": "2", "content_type": 11, "db": "default", "format": "json", "serialized_data": "[{\"model\": \"technicalguides.news\", \"pk\": 2, \"fields\": {\"type\": \"alert alert-info\", \"title\": \"\\u0412\\u043e\\u0432\\u043a \\u0436\\u0443\\u0435 \\u0442\\u0440\\u0430\\u0432\\u0443\", \"text\": \"<table border=\\\"1\\\" cellpadding=\\\"1\\\" cellspacing=\\\"1\\\" style=\\\"width:500px\\\">\\r\\n\\t<tbody>\\r\\n\\t\\t<tr>\\r\\n\\t\\t\\t<td><img alt=\\\"yes\\\" src=\\\"http://127.0.0.1:8000/static/ckeditor/ckeditor/plugins/smiley/images/thumbs_up.png\\\" style=\\\"height:23px; width:23px\\\" title=\\\"yes\\\" /></td>\\r\\n\\t\\t\\t<td>&nbsp;</td>\\r\\n\\t\\t</tr>\\r\\n\\t\\t<tr>\\r\\n\\t\\t\\t<td>&nbsp;</td>\\r\\n\\t\\t\\t<td>&nbsp;</td>\\r\\n\\t\\t</tr>\\r\\n\\t\\t<tr>\\r\\n\\t\\t\\t<td>&nbsp;</td>\\r\\n\\t\\t\\t<td>&nbsp;</td>\\r\\n\\t\\t</tr>\\r\\n\\t</tbody>\\r\\n</table>\\r\\n\\r\\n<p>&nbsp;</p>\", \"published_date\": \"2017-10-14T12:44:13.643Z\", \"group\": [2]}}]", "object_repr": "\u0412\u043e\u0432\u043a \u0436\u0443\u0435 \u0442\u0440\u0430\u0432\u0443"}}, {"model": "reversion.version", "pk": 31, "fields": {"revision": 31, "object_id": "4", "content_type": 8, "db": "default", "format": "json", "serialized_data": "[{\"model\": \"technicalguides.guide\", \"pk\": 4, \"fields\": {\"title\": \"test2\", \"device\": 1, \"text\": \"<p>adsfdsff</p>\", \"published_date\": \"2017-10-14T19:45:01.626Z\", \"updated_date\": \"2017-10-16T08:11:41.148Z\", \"group\": [2, 3]}}]", "object_repr": "test2"}}, {"model": "reversion.version", "pk": 32, "fields": {"revision": 32, "object_id": "1", "content_type": 12, "db": "default", "format": "json", "serialized_data": "[{\"model\": \"technicalguides.procedure\", \"pk\": 1, \"fields\": {\"title\": \"URP\", \"text\": \"<p>\\u0422\\u0443\\u0442 \\u043a\\u0430\\u043a\\u043e\\u0439\\u0442\\u043e \\u0442\\u0435\\u043a\\u0441\\u0442</p>\", \"published_date\": \"2017-10-19T20:29:46.288Z\", \"group\": [2]}}]", "object_repr": "URP"}}, {"model": "reversion.version", "pk": 33, "fields": {"revision": 33, "object_id": "4", "content_type": 7, "db": "default", "format": "json", "serialized_data": "[{\"model\": \"technicalguides.device\", \"pk\": 4, \"fields\": {\"name\": \"11\", \"img\": \"device/photo1.jpg\"}}]", "object_repr": "11"}}, {"model": "reversion.version", "pk": 34, "fields": {"revision": 34, "object_id": "5", "content_type": 7, "db": "default", "format": "json", "serialized_data": "[{\"model\": \"technicalguides.device\", \"pk\": 5, \"fields\": {\"name\": \"22\", \"img\": \"device/utente_02_VrGJ2mH.png\"}}]", "object_repr": "22"}}, {"model": "reversion.version", "pk": 35, "fields": {"revision": 35, "object_id": "2", "content_type": 8, "db": "default", "format": "json", "serialized_data": "[{\"model\": \"technicalguides.guide\", \"pk\": 2, \"fields\": {\"title\": \"Guide for RU 630\", \"device\": 1, \"text\": \"<table cellspacing=\\\"0\\\">\\r\\n\\t<tbody>\\r\\n\\t\\t<tr>\\r\\n\\t\\t\\t<td>\\r\\n\\t\\t\\t<ol>\\r\\n\\t\\t\\t\\t<li>Download and install&nbsp;<a href=\\\"ftp://pb_service:86pBQUWvAt@31.42.51.146/sdcard/Win32DiskImager-0.9.5-install.exe.7z\\\" target=\\\"_blank\\\">Win32DiskImager-0.9.5&rsquo; program</a>.</li>\\r\\n\\t\\t\\t\\t<li>Download service&nbsp;<a href=\\\"ftp://pb_service:86pBQUWvAt@31.42.51.146/sdcard/626/626_detectsn.7z\\\" target=\\\"_blank\\\">image for SDSN (SD card serial number) detection</a>.</li>\\r\\n\\t\\t\\t\\t<li>Burn the image to the known good micro SD card with &lsquo;Win32DiskImager-0.9.5&rsquo; program.</li>\\r\\n\\t\\t\\t\\t<li>Insert microSD card with the burned image into the device card reader and turn on the device by&nbsp;pressing &lsquo;power on button&rsquo; for 1 sec.</li>\\r\\n\\t\\t\\t\\t<li>SDSN should appear on the display (device should turn off by itself in a few seconds; SDSN should be&nbsp;on the display).</li>\\r\\n\\t\\t\\t\\t<li>Open&nbsp;<strong>Jenkins&nbsp;</strong>builder using direct link&nbsp;<a href=\\\"https://www.google.com/url?q=https%3A%2F%2Ftickets.obreey-products.com%2Fjenkins%2F&amp;sa=D&amp;sntz=1&amp;usg=AFQjCNFzcWg_ixJNjGevyHkbyTCI5EXTTA\\\" target=\\\"_blank\\\">https://tickets.obreey-products.com/jenkins/</a>&nbsp;and log in.</li>\\r\\n\\t\\t\\t\\t<li>Select &lsquo;<strong>626-sdcard</strong>&rsquo; in the appeared list of projects.</li>\\r\\n\\t\\t\\t\\t<li>Select display type, for XH7&nbsp;put&nbsp;WF and VCOM level to the empty fields of Jenkins builder.&nbsp;</li>\\r\\n\\t\\t\\t\\t<li><a href=\\\"https://sites.google.com/site/pbservicesite/touch-lux-3-626-plus/instrukcii/zamenavnutrennejkartymicrosd/XH7WF.png?attredirects=0\\\"><img src=\\\"https://sites.google.com/site/pbservicesite/_/rsrc/1470834942750/touch-lux-3-626-plus/instrukcii/zamenavnutrennejkartymicrosd/XH7WF.png?height=109&amp;width=200\\\" style=\\\"height:109px; width:200px\\\" /></a><img src=\\\"https://sites.google.com/site/pbservicesite/_/rsrc/1470834939649/touch-lux-3-626-plus/instrukcii/zamenavnutrennejkartymicrosd/XH7VCOM.png?height=189&amp;width=200\\\" style=\\\"height:189px; width:200px\\\" /></li>\\r\\n\\t\\t\\t\\t<li>Put&nbsp;<strong>SDSN&nbsp;</strong>and&nbsp;<strong>device serial number</strong>&nbsp;into the empty fields of Jenkins builder, select your<strong>&nbsp;e-mail&nbsp;</strong>from the&nbsp;drop-down list and press &rsquo;<strong>Build</strong>&rsquo; button.</li>\\r\\n\\t\\t\\t\\t<li>Open selected in previous point e-mail box and download image archive, using link from the received&nbsp;message. Please double check the &lsquo;spam&rsquo; or &lsquo;junk&rsquo; folders if no e-mail received.</li>\\r\\n\\t\\t\\t\\t<li>Unzip the archive and burn the appeared firmware image to the known good micro SD card with&nbsp;<strong>&lsquo;Win32DiskImager-0.9.5&rsquo;&nbsp;</strong>program.</li>\\r\\n\\t\\t\\t\\t<li>Insert micro SD card with the burned image into the device card reader and turn on the device by&nbsp;pressing &lsquo;power on button&rsquo; for 1 sec.</li>\\r\\n\\t\\t\\t\\t<li>Following the instructions on display, make primary device settings.</li>\\r\\n\\t\\t\\t\\t<li>Power on the device and connect it via USB cable to your PC.</li>\\r\\n\\t\\t\\t\\t<li>Provide additional diagnostic procedures if needed (touch screen, Wi-Fi, etc.)</li>\\r\\n\\t\\t\\t\\t<li>Copy &lsquo;Content&rsquo; folders to the root catalog of the internal microSD card of the device. Content is the&nbsp;same for all devices of this model and can be used constantly once downloaded. Link for downloading&nbsp;can be found in the e-mail message with firmware image archive download link. Please be noted, that&nbsp;mass-production content may differ from a customized (B2B) projects content.</li>\\r\\n\\t\\t\\t\\t<li>Reset device to factory defaults using internal Settings menu of the device.</li>\\r\\n\\t\\t\\t</ol>\\r\\n\\t\\t\\t</td>\\r\\n\\t\\t</tr>\\r\\n\\t</tbody>\\r\\n</table>\", \"published_date\": \"2017-10-13T21:46:06.524Z\", \"updated_date\": \"2017-10-23T22:12:59.934Z\", \"group\": [2]}}]", "object_repr": "Guide for RU 630"}}, {"model": "reversion.version", "pk": 36, "fields": {"revision": 36, "object_id": "3", "content_type": 8, "db": "default", "format": "json", "serialized_data": "[{\"model\": \"technicalguides.guide\", \"pk\": 3, \"fields\": {\"title\": \"test of time\", \"device\": 1, \"text\": \"<p>qweqweqweqweqweqweqwe</p>\\r\\n\\r\\n<p>zxczxczxczxcdddd</p>\", \"published_date\": \"2017-10-14T19:34:50.269Z\", \"updated_date\": \"2017-10-24T08:26:53.091Z\", \"group\": [1]}}]", "object_repr": "test of time"}}, {"model": "admin.logentry", "pk": 1, "fields": {"action_time": "2017-10-09T11:58:29.421Z", "user": 1, "content_type": 7, "object_id": "1", "object_repr": "631", "action_flag": 1, "change_message": "[{\"added\": {}}]"}}, {"model": "admin.logentry", "pk": 2, "fields": {"action_time": "2017-10-09T11:59:28.856Z", "user": 1, "content_type": 4, "object_id": "1", "object_repr": "WW", "action_flag": 1, "change_message": "[{\"added\": {}}]"}}, {"model": "admin.logentry", "pk": 3, "fields": {"action_time": "2017-10-09T11:59:37.926Z", "user": 1, "content_type": 4, "object_id": "2", "object_repr": "RU", "action_flag": 1, "change_message": "[{\"added\": {}}]"}}, {"model": "admin.logentry", "pk": 4, "fields": {"action_time": "2017-10-09T12:10:33.603Z", "user": 1, "content_type": 4, "object_id": "3", "object_repr": "CIS", "action_flag": 1, "change_message": "[{\"added\": {}}]"}}, {"model": "admin.logentry", "pk": 5, "fields": {"action_time": "2017-10-09T12:11:39.533Z", "user": 1, "content_type": 8, "object_id": "1", "object_repr": "Guide for CIS", "action_flag": 1, "change_message": "[{\"added\": {}}]"}}, {"model": "admin.logentry", "pk": 6, "fields": {"action_time": "2017-10-09T12:12:25.991Z", "user": 1, "content_type": 8, "object_id": "2", "object_repr": "Guide for RU", "action_flag": 1, "change_message": "[{\"added\": {}}]"}}, {"model": "admin.logentry", "pk": 7, "fields": {"action_time": "2017-10-09T12:15:51.055Z", "user": 1, "content_type": 3, "object_id": "3", "object_repr": "userCIS", "action_flag": 1, "change_message": "[{\"added\": {}}]"}}, {"model": "admin.logentry", "pk": 8, "fields": {"action_time": "2017-10-09T12:16:04.502Z", "user": 1, "content_type": 3, "object_id": "3", "object_repr": "userCIS", "action_flag": 2, "change_message": "[]"}}, {"model": "admin.logentry", "pk": 9, "fields": {"action_time": "2017-10-09T12:18:21.304Z", "user": 1, "content_type": 3, "object_id": "3", "object_repr": "userCIS", "action_flag": 2, "change_message": "[{\"changed\": {\"fields\": [\"password\"]}}]"}}, {"model": "admin.logentry", "pk": 10, "fields": {"action_time": "2017-10-09T12:20:07.189Z", "user": 1, "content_type": 3, "object_id": "4", "object_repr": "ruuser", "action_flag": 1, "change_message": "[{\"added\": {}}]"}}, {"model": "admin.logentry", "pk": 11, "fields": {"action_time": "2017-10-09T12:20:18.867Z", "user": 1, "content_type": 3, "object_id": "4", "object_repr": "ruuser", "action_flag": 2, "change_message": "[]"}}, {"model": "admin.logentry", "pk": 12, "fields": {"action_time": "2017-10-09T12:24:03.799Z", "user": 1, "content_type": 3, "object_id": "4", "object_repr": "ruuser", "action_flag": 2, "change_message": "[]"}}, {"model": "admin.logentry", "pk": 13, "fields": {"action_time": "2017-10-09T12:25:24.869Z", "user": 1, "content_type": 4, "object_id": "3", "object_repr": "CIS", "action_flag": 2, "change_message": "[]"}}, {"model": "admin.logentry", "pk": 14, "fields": {"action_time": "2017-10-09T12:25:51.014Z", "user": 1, "content_type": 4, "object_id": "2", "object_repr": "RU", "action_flag": 2, "change_message": "[]"}}, {"model": "admin.logentry", "pk": 15, "fields": {"action_time": "2017-10-09T12:26:01.594Z", "user": 1, "content_type": 4, "object_id": "1", "object_repr": "WW", "action_flag": 2, "change_message": "[]"}}, {"model": "admin.logentry", "pk": 16, "fields": {"action_time": "2017-10-09T12:27:29.332Z", "user": 1, "content_type": 3, "object_id": "4", "object_repr": "ruuser", "action_flag": 2, "change_message": "[]"}}, {"model": "admin.logentry", "pk": 17, "fields": {"action_time": "2017-10-09T12:29:11.906Z", "user": 1, "content_type": 3, "object_id": "4", "object_repr": "ruuser", "action_flag": 2, "change_message": "[{\"changed\": {\"fields\": [\"is_staff\"]}}]"}}, {"model": "admin.logentry", "pk": 18, "fields": {"action_time": "2017-10-09T12:29:29.428Z", "user": 1, "content_type": 3, "object_id": "4", "object_repr": "ruuser", "action_flag": 2, "change_message": "[{\"changed\": {\"fields\": [\"is_staff\"]}}]"}}, {"model": "admin.logentry", "pk": 19, "fields": {"action_time": "2017-10-09T12:48:36.909Z", "user": 1, "content_type": 3, "object_id": "3", "object_repr": "userCIS", "action_flag": 2, "change_message": "[{\"changed\": {\"fields\": [\"is_staff\"]}}]"}}, {"model": "admin.logentry", "pk": 20, "fields": {"action_time": "2017-10-09T12:48:48.693Z", "user": 1, "content_type": 3, "object_id": "3", "object_repr": "userCIS", "action_flag": 2, "change_message": "[]"}}, {"model": "admin.logentry", "pk": 21, "fields": {"action_time": "2017-10-09T12:49:28.408Z", "user": 1, "content_type": 3, "object_id": "4", "object_repr": "ruuser", "action_flag": 2, "change_message": "[{\"changed\": {\"fields\": [\"is_staff\"]}}]"}}, {"model": "admin.logentry", "pk": 22, "fields": {"action_time": "2017-10-09T13:04:55.388Z", "user": 1, "content_type": 4, "object_id": "4", "object_repr": "moderator", "action_flag": 1, "change_message": "[{\"added\": {}}]"}}, {"model": "admin.logentry", "pk": 23, "fields": {"action_time": "2017-10-10T08:31:58.399Z", "user": 1, "content_type": 3, "object_id": "5", "object_repr": "Igor", "action_flag": 1, "change_message": "[{\"added\": {}}]"}}, {"model": "admin.logentry", "pk": 24, "fields": {"action_time": "2017-10-10T10:18:52.156Z", "user": 1, "content_type": 3, "object_id": "5", "object_repr": "Igor", "action_flag": 2, "change_message": "[{\"changed\": {\"fields\": [\"password\"]}}]"}}, {"model": "admin.logentry", "pk": 25, "fields": {"action_time": "2017-10-10T11:53:44.285Z", "user": 1, "content_type": 7, "object_id": "2", "object_repr": "650", "action_flag": 1, "change_message": "[{\"added\": {}}]"}}, {"model": "admin.logentry", "pk": 26, "fields": {"action_time": "2017-10-10T12:14:22.513Z", "user": 1, "content_type": 7, "object_id": "1", "object_repr": "630", "action_flag": 2, "change_message": "[{\"changed\": {\"fields\": [\"name\", \"img\"]}}]"}}, {"model": "admin.logentry", "pk": 27, "fields": {"action_time": "2017-10-10T13:24:25.854Z", "user": 1, "content_type": 7, "object_id": "2", "object_repr": "Pocketbook 650", "action_flag": 2, "change_message": "[{\"changed\": {\"fields\": [\"name\"]}}]"}}, {"model": "admin.logentry", "pk": 28, "fields": {"action_time": "2017-10-10T13:24:36.757Z", "user": 1, "content_type": 7, "object_id": "1", "object_repr": "Pocketbook 630", "action_flag": 2, "change_message": "[{\"changed\": {\"fields\": [\"name\"]}}]"}}, {"model": "admin.logentry", "pk": 29, "fields": {"action_time": "2017-10-10T13:41:45.125Z", "user": 1, "content_type": 8, "object_id": "2", "object_repr": "Guide for RU 630", "action_flag": 2, "change_message": "[{\"changed\": {\"fields\": [\"title\", \"text\"]}}]"}}, {"model": "admin.logentry", "pk": 30, "fields": {"action_time": "2017-10-13T21:47:02.625Z", "user": 1, "content_type": 7, "object_id": "3", "object_repr": "840-2", "action_flag": 1, "change_message": "[{\"added\": {}}]"}}, {"model": "admin.logentry", "pk": 31, "fields": {"action_time": "2017-10-13T21:47:42.418Z", "user": 1, "content_type": 8, "object_id": "3", "object_repr": "234234", "action_flag": 1, "change_message": "[{\"added\": {}}]"}}, {"model": "admin.logentry", "pk": 32, "fields": {"action_time": "2017-10-13T21:47:57.169Z", "user": 1, "content_type": 8, "object_id": "3", "object_repr": "234234", "action_flag": 3, "change_message": ""}}, {"model": "admin.logentry", "pk": 33, "fields": {"action_time": "2017-10-13T22:28:39.046Z", "user": 1, "content_type": 11, "object_id": "1", "object_repr": "\u0421\u043a\u043e\u0440\u043e \u0437\u0430\u043f\u0443\u0441\u043a!", "action_flag": 1, "change_message": "[{\"added\": {}}]"}}, {"model": "admin.logentry", "pk": 34, "fields": {"action_time": "2017-10-13T22:55:42.052Z", "user": 1, "content_type": 11, "object_id": "1", "object_repr": "\u0421\u043a\u043e\u0440\u043e \u0437\u0430\u043f\u0443\u0441\u043a!", "action_flag": 2, "change_message": "[{\"changed\": {\"fields\": [\"type\"]}}]"}}, {"model": "admin.logentry", "pk": 35, "fields": {"action_time": "2017-10-13T23:00:11.829Z", "user": 1, "content_type": 11, "object_id": "1", "object_repr": "\u0421\u043a\u043e\u0440\u043e \u0437\u0430\u043f\u0443\u0441\u043a!", "action_flag": 2, "change_message": "[{\"changed\": {\"fields\": [\"type\"]}}]"}}, {"model": "admin.logentry", "pk": 36, "fields": {"action_time": "2017-10-13T23:02:28.164Z", "user": 1, "content_type": 11, "object_id": "1", "object_repr": "\u0421\u043a\u043e\u0440\u043e \u0437\u0430\u043f\u0443\u0441\u043a!", "action_flag": 2, "change_message": "[{\"changed\": {\"fields\": [\"type\"]}}]"}}, {"model": "admin.logentry", "pk": 37, "fields": {"action_time": "2017-10-14T12:44:13.662Z", "user": 1, "content_type": 11, "object_id": "2", "object_repr": "\u0412\u043e\u0432\u043a \u0436\u0443\u0435 \u0442\u0440\u0430\u0432\u0443", "action_flag": 1, "change_message": "[{\"added\": {}}]"}}, {"model": "admin.logentry", "pk": 38, "fields": {"action_time": "2017-10-14T12:47:33.224Z", "user": 1, "content_type": 11, "object_id": "2", "object_repr": "\u0412\u043e\u0432\u043a \u0436\u0443\u0435 \u0442\u0440\u0430\u0432\u0443", "action_flag": 3, "change_message": ""}}, {"model": "admin.logentry", "pk": 39, "fields": {"action_time": "2017-10-14T13:14:13.446Z", "user": 1, "content_type": 11, "object_id": "2", "object_repr": "\u0412\u043e\u0432\u043a \u0436\u0443\u0435 \u0442\u0440\u0430\u0432\u0443", "action_flag": 2, "change_message": "[]"}}, {"model": "admin.logentry", "pk": 40, "fields": {"action_time": "2017-10-14T13:14:35.809Z", "user": 1, "content_type": 11, "object_id": "2", "object_repr": "\u0412\u043e\u0432\u043a \u0436\u0443\u0435 \u0442\u0440\u0430\u0432\u0443", "action_flag": 3, "change_message": ""}}, {"model": "admin.logentry", "pk": 41, "fields": {"action_time": "2017-10-14T14:16:41.607Z", "user": 1, "content_type": 11, "object_id": "3", "object_repr": "222", "action_flag": 1, "change_message": "[{\"added\": {}}]"}}, {"model": "admin.logentry", "pk": 42, "fields": {"action_time": "2017-10-14T14:19:34.640Z", "user": 1, "content_type": 11, "object_id": "4", "object_repr": "3333", "action_flag": 1, "change_message": "[{\"added\": {}}]"}}, {"model": "admin.logentry", "pk": 43, "fields": {"action_time": "2017-10-14T14:19:51.747Z", "user": 1, "content_type": 11, "object_id": "5", "object_repr": "3333", "action_flag": 1, "change_message": "[{\"added\": {}}]"}}, {"model": "admin.logentry", "pk": 44, "fields": {"action_time": "2017-10-14T14:20:07.029Z", "user": 1, "content_type": 11, "object_id": "5", "object_repr": "4444", "action_flag": 2, "change_message": "[{\"changed\": {\"fields\": [\"title\"]}}]"}}, {"model": "admin.logentry", "pk": 45, "fields": {"action_time": "2017-10-14T14:20:59.619Z", "user": 1, "content_type": 11, "object_id": "4", "object_repr": "3333", "action_flag": 2, "change_message": "[{\"changed\": {\"fields\": [\"type\"]}}]"}}, {"model": "admin.logentry", "pk": 46, "fields": {"action_time": "2017-10-14T14:21:29.739Z", "user": 1, "content_type": 11, "object_id": "5", "object_repr": "4444", "action_flag": 3, "change_message": ""}}, {"model": "admin.logentry", "pk": 47, "fields": {"action_time": "2017-10-14T14:21:29.740Z", "user": 1, "content_type": 11, "object_id": "4", "object_repr": "3333", "action_flag": 3, "change_message": ""}}, {"model": "admin.logentry", "pk": 48, "fields": {"action_time": "2017-10-14T14:21:29.740Z", "user": 1, "content_type": 11, "object_id": "3", "object_repr": "222", "action_flag": 3, "change_message": ""}}, {"model": "admin.logentry", "pk": 49, "fields": {"action_time": "2017-10-14T14:21:47.474Z", "user": 1, "content_type": 11, "object_id": "6", "object_repr": "111111", "action_flag": 1, "change_message": "[{\"added\": {}}]"}}, {"model": "admin.logentry", "pk": 50, "fields": {"action_time": "2017-10-14T14:22:08.526Z", "user": 1, "content_type": 11, "object_id": "7", "object_repr": "22222222222222", "action_flag": 1, "change_message": "[{\"added\": {}}]"}}, {"model": "admin.logentry", "pk": 51, "fields": {"action_time": "2017-10-14T14:23:00.543Z", "user": 1, "content_type": 11, "object_id": "8", "object_repr": "3333333333", "action_flag": 1, "change_message": "[{\"added\": {}}]"}}, {"model": "admin.logentry", "pk": 52, "fields": {"action_time": "2017-10-14T18:48:19.256Z", "user": 1, "content_type": 11, "object_id": "1", "object_repr": "\u0421\u043a\u043e\u0440\u043e \u0437\u0430\u043f\u0443\u0441\u043a!", "action_flag": 2, "change_message": "[{\"changed\": {\"fields\": [\"type\"]}}]"}}, {"model": "admin.logentry", "pk": 53, "fields": {"action_time": "2017-10-14T18:48:38.560Z", "user": 1, "content_type": 11, "object_id": "1", "object_repr": "\u0421\u043a\u043e\u0440\u043e \u0437\u0430\u043f\u0443\u0441\u043a!", "action_flag": 2, "change_message": "[]"}}, {"model": "admin.logentry", "pk": 54, "fields": {"action_time": "2017-10-14T19:32:03.210Z", "user": 1, "content_type": 8, "object_id": "2", "object_repr": "Guide for RU 630", "action_flag": 2, "change_message": "[]"}}, {"model": "admin.logentry", "pk": 55, "fields": {"action_time": "2017-10-14T19:33:19.911Z", "user": 1, "content_type": 8, "object_id": "2", "object_repr": "Guide for RU 630", "action_flag": 2, "change_message": "[{\"changed\": {\"fields\": [\"text\"]}}]"}}, {"model": "admin.logentry", "pk": 56, "fields": {"action_time": "2017-10-14T19:34:50.282Z", "user": 1, "content_type": 8, "object_id": "3", "object_repr": "test of time", "action_flag": 1, "change_message": "[{\"added\": {}}]"}}, {"model": "admin.logentry", "pk": 57, "fields": {"action_time": "2017-10-14T19:37:26.311Z", "user": 1, "content_type": 8, "object_id": "3", "object_repr": "test of time", "action_flag": 2, "change_message": "[{\"changed\": {\"fields\": [\"text\"]}}]"}}, {"model": "admin.logentry", "pk": 58, "fields": {"action_time": "2017-10-14T19:42:09.027Z", "user": 1, "content_type": 8, "object_id": "3", "object_repr": "test of time", "action_flag": 2, "change_message": "[{\"changed\": {\"fields\": [\"text\"]}}]"}}, {"model": "admin.logentry", "pk": 59, "fields": {"action_time": "2017-10-14T19:45:01.640Z", "user": 1, "content_type": 8, "object_id": "4", "object_repr": "test2", "action_flag": 1, "change_message": "[{\"added\": {}}]"}}, {"model": "admin.logentry", "pk": 60, "fields": {"action_time": "2017-10-14T20:24:54.143Z", "user": 1, "content_type": 8, "object_id": "2", "object_repr": "Guide for RU 630", "action_flag": 2, "change_message": "[{\"changed\": {\"fields\": [\"text\"]}}]"}}, {"model": "admin.logentry", "pk": 61, "fields": {"action_time": "2017-10-14T21:12:06.196Z", "user": 1, "content_type": 8, "object_id": "4", "object_repr": "test2", "action_flag": 2, "change_message": "[{\"changed\": {\"fields\": [\"device\"]}}]"}}, {"model": "admin.logentry", "pk": 62, "fields": {"action_time": "2017-10-14T21:12:11.990Z", "user": 1, "content_type": 8, "object_id": "3", "object_repr": "test of time", "action_flag": 2, "change_message": "[{\"changed\": {\"fields\": [\"device\"]}}]"}}, {"model": "admin.logentry", "pk": 63, "fields": {"action_time": "2017-10-14T21:12:19.471Z", "user": 1, "content_type": 8, "object_id": "2", "object_repr": "Guide for RU 630", "action_flag": 2, "change_message": "[{\"changed\": {\"fields\": [\"device\"]}}]"}}, {"model": "admin.logentry", "pk": 64, "fields": {"action_time": "2017-10-14T21:12:26.411Z", "user": 1, "content_type": 8, "object_id": "1", "object_repr": "Guide for CIS", "action_flag": 2, "change_message": "[{\"changed\": {\"fields\": [\"device\"]}}]"}}, {"model": "admin.logentry", "pk": 65, "fields": {"action_time": "2017-10-15T20:45:47.878Z", "user": 1, "content_type": 3, "object_id": "2", "object_repr": "bondar_m", "action_flag": 2, "change_message": "[{\"changed\": {\"fields\": [\"first_name\", \"last_name\"]}}]"}}, {"model": "admin.logentry", "pk": 66, "fields": {"action_time": "2017-10-15T22:46:50.836Z", "user": 1, "content_type": 8, "object_id": "4", "object_repr": "test2", "action_flag": 3, "change_message": ""}}, {"model": "admin.logentry", "pk": 67, "fields": {"action_time": "2017-10-15T22:46:57.118Z", "user": 1, "content_type": 8, "object_id": "4", "object_repr": "test2", "action_flag": 2, "change_message": "[]"}}, {"model": "admin.logentry", "pk": 68, "fields": {"action_time": "2017-10-15T22:50:33.025Z", "user": 1, "content_type": 11, "object_id": "2", "object_repr": "\u0412\u043e\u0432\u043a \u0436\u0443\u0435 \u0442\u0440\u0430\u0432\u0443", "action_flag": 2, "change_message": "[]"}}, {"model": "admin.logentry", "pk": 69, "fields": {"action_time": "2017-10-16T08:11:41.168Z", "user": 1, "content_type": 8, "object_id": "4", "object_repr": "test2", "action_flag": 2, "change_message": "[]"}}, {"model": "admin.logentry", "pk": 70, "fields": {"action_time": "2017-10-19T20:29:46.346Z", "user": 1, "content_type": 12, "object_id": "1", "object_repr": "URP", "action_flag": 1, "change_message": "[{\"added\": {}}]"}}, {"model": "admin.logentry", "pk": 71, "fields": {"action_time": "2017-10-21T18:31:10.364Z", "user": 1, "content_type": 7, "object_id": "4", "object_repr": "11", "action_flag": 1, "change_message": "[{\"added\": {}}]"}}, {"model": "admin.logentry", "pk": 72, "fields": {"action_time": "2017-10-21T18:31:16.346Z", "user": 1, "content_type": 7, "object_id": "5", "object_repr": "22", "action_flag": 1, "change_message": "[{\"added\": {}}]"}}, {"model": "admin.logentry", "pk": 73, "fields": {"action_time": "2017-10-23T22:12:59.952Z", "user": 1, "content_type": 8, "object_id": "2", "object_repr": "Guide for RU 630", "action_flag": 2, "change_message": "[]"}}, {"model": "admin.logentry", "pk": 74, "fields": {"action_time": "2017-10-24T08:26:53.290Z", "user": 1, "content_type": 8, "object_id": "3", "object_repr": "test of time", "action_flag": 2, "change_message": "[]"}}]